"Id","activity_date","total_steps","total_distance","calories","very_active_min","fairly_active_min","lightly_active_min","sedentary_min","total_minutes","pct_intense_activity"
1503960366,"3/25/2016",11004,7.1100001335144,1819,33,12,205,804,1054,18.0
1503960366,"3/26/2016",17609,11.5500001907349,2154,89,17,274,588,968,27.9
1503960366,"3/27/2016",12736,8.52999973297119,1944,56,5,268,605,934,18.5
1503960366,"3/28/2016",13231,8.93000030517578,1932,39,20,224,1080,1363,20.8
1503960366,"3/29/2016",12041,7.84999990463257,1886,28,28,243,763,1062,18.7
1503960366,"3/30/2016",10970,7.15999984741211,1820,30,13,223,1174,1440,16.2
1503960366,"3/31/2016",12256,7.8600001335144,1889,33,12,239,820,1104,15.8
1503960366,"4/1/2016",12262,7.86999988555908,1868,47,21,200,866,1134,25.4
1503960366,"4/10/2016",10057,6.98000001907349,1755,44,13,168,737,962,25.3
1503960366,"4/11/2016",10990,7.26000022888184,1811,26,14,216,855,1111,15.6
1503960366,"4/12/2016",13162,8.5,1985,25,13,328,728,1094,10.4
1503960366,"4/13/2016",10735,6.96999979019165,1797,21,19,217,776,1033,15.6
1503960366,"4/14/2016",10460,6.73999977111816,1776,30,11,181,1218,1440,18.5
1503960366,"4/15/2016",9762,6.28000020980835,1745,29,34,209,726,998,23.2
1503960366,"4/16/2016",12669,8.15999984741211,1863,36,10,221,773,1040,17.2
1503960366,"4/17/2016",9705,6.48000001907349,1728,38,20,164,539,761,26.1
1503960366,"4/18/2016",13019,8.59000015258789,1921,42,16,233,1149,1440,19.9
1503960366,"4/19/2016",15506,9.88000011444092,2035,50,31,264,775,1120,23.5
1503960366,"4/2/2016",11248,7.25,1843,40,11,244,636,931,17.3
1503960366,"4/20/2016",10544,6.67999982833862,1786,28,12,205,818,1063,16.3
1503960366,"4/21/2016",9819,6.34000015258789,1775,19,8,211,838,1076,11.3
1503960366,"4/22/2016",12764,8.13000011444092,1827,66,27,130,1217,1440,41.7
1503960366,"4/23/2016",14371,9.03999996185303,1949,41,21,262,732,1056,19.1
1503960366,"4/24/2016",10039,6.40999984741211,1788,39,5,238,709,991,15.6
1503960366,"4/25/2016",15355,9.80000019073486,2013,73,14,216,814,1117,28.7
1503960366,"4/26/2016",13755,8.78999996185303,1970,31,23,279,833,1166,16.2
1503960366,"4/27/2016",18134,12.210000038147,2159,78,11,243,1108,1440,26.8
1503960366,"4/28/2016",13154,8.52999973297119,1898,48,28,189,782,1047,28.7
1503960366,"4/29/2016",11181,7.15000009536743,1837,16,12,243,815,1086,10.3
1503960366,"4/3/2016",10016,6.36999988555908,1850,15,30,314,655,1014,12.5
1503960366,"4/30/2016",14673,9.25,1947,52,34,217,712,1015,28.4
1503960366,"4/4/2016",14557,9.80000019073486,2030,43,18,285,757,1103,17.6
1503960366,"4/5/2016",14844,9.72999954223633,2083,36,18,341,736,1131,13.7
1503960366,"4/6/2016",11974,7.67000007629395,1861,27,12,228,1173,1440,14.6
1503960366,"4/7/2016",10198,6.44000005722046,1755,17,20,195,1208,1440,15.9
1503960366,"4/8/2016",12521,7.94000005722046,1895,46,22,212,1160,1440,24.3
1503960366,"4/9/2016",12432,8.10000038146973,1883,32,15,248,738,1033,15.9
1503960366,"5/1/2016",10602,6.80999994277954,1820,33,35,246,730,1044,21.7
1503960366,"5/10/2016",12207,7.76999998092651,1859,46,31,214,746,1037,26.5
1503960366,"5/11/2016",12770,8.13000011444092,1783,36,23,251,669,979,19.0
1503960366,"5/2/2016",14727,9.71000003814697,2004,41,15,277,798,1131,16.8
1503960366,"5/3/2016",15103,9.65999984741211,1990,50,24,254,816,1144,22.6
1503960366,"5/4/2016",11100,7.15000009536743,1819,36,22,203,1179,1440,22.2
1503960366,"5/5/2016",14070,8.89999961853027,1959,45,24,250,857,1176,21.6
1503960366,"5/6/2016",12159,8.02999973297119,1896,24,6,289,754,1073,9.4
1503960366,"5/7/2016",11992,7.71000003814697,1821,37,46,175,833,1091,32.2
1503960366,"5/8/2016",10060,6.57999992370605,1740,44,8,203,574,829,20.4
1503960366,"5/9/2016",12022,7.71999979019165,1819,46,11,206,835,1098,21.7
1624580081,"3/25/2016",1810,1.17999994754791,1373,0,0,121,1319,1440,0.0
1624580081,"3/26/2016",815,0.529999971389771,1264,0,0,47,1393,1440,0.0
1624580081,"3/27/2016",1985,1.28999996185303,1350,0,0,112,1328,1440,0.0
1624580081,"3/28/2016",1905,1.24000000953674,1342,0,0,95,1345,1440,0.0
1624580081,"3/29/2016",1552,1.00999999046326,1300,0,0,66,1374,1440,0.0
1624580081,"3/30/2016",1675,1.0900000333786,1313,0,0,84,1356,1440,0.0
1624580081,"3/31/2016",4506,2.9300000667572,1498,7,4,144,1285,1440,7.1
1624580081,"4/1/2016",9218,5.98999977111816,1541,0,0,221,1219,1440,0.0
1624580081,"4/10/2016",3910,2.53999996185303,1555,7,7,186,1240,1440,7.0
1624580081,"4/11/2016",10000,6.5,1469,0,0,172,1268,1440,0.0
1624580081,"4/12/2016",8163,5.30999994277954,1432,0,0,146,1294,1440,0.0
1624580081,"4/13/2016",7007,4.55000019073486,1411,0,0,148,1292,1440,0.0
1624580081,"4/14/2016",9107,5.92000007629395,1572,0,0,236,1204,1440,0.0
1624580081,"4/15/2016",1510,0.980000019073486,1344,0,0,96,1344,1440,0.0
1624580081,"4/16/2016",5370,3.49000000953674,1463,0,0,176,1264,1440,0.0
1624580081,"4/17/2016",6175,4.05999994277954,1554,15,22,127,1276,1440,22.6
1624580081,"4/18/2016",10536,7.40999984741211,1604,17,7,202,1214,1440,10.6
1624580081,"4/19/2016",2916,1.89999997615814,1435,0,0,141,1299,1440,0.0
1624580081,"4/2/2016",1556,1.00999999046326,1327,0,0,88,1352,1440,0.0
1624580081,"4/20/2016",4974,3.23000001907349,1446,0,0,151,1289,1440,0.0
1624580081,"4/21/2016",6349,4.13000011444092,1467,0,0,186,1254,1440,0.0
1624580081,"4/22/2016",4026,2.61999988555908,1470,0,0,199,1241,1440,0.0
1624580081,"4/23/2016",8538,5.55000019073486,1562,0,0,227,1213,1440,0.0
1624580081,"4/24/2016",6076,3.95000004768372,1617,16,18,185,1221,1440,15.5
1624580081,"4/25/2016",6497,4.21999979019165,1492,0,0,202,1238,1440,0.0
1624580081,"4/26/2016",2826,1.8400000333786,1402,0,0,140,1300,1440,0.0
1624580081,"4/27/2016",8367,5.44000005722046,1670,17,36,154,1233,1440,25.6
1624580081,"4/28/2016",2759,1.78999996185303,1401,0,5,115,1320,1440,4.2
1624580081,"4/29/2016",2390,1.54999995231628,1404,0,0,150,1290,1440,0.0
1624580081,"4/3/2016",2910,1.88999998569489,1452,0,0,157,1283,1440,0.0
1624580081,"4/30/2016",6474,4.30000019073486,1655,11,23,224,1182,1440,13.2
1624580081,"4/4/2016",18464,12.0,1574,0,0,270,1170,1440,0.0
1624580081,"4/5/2016",1335,0.870000004768372,1308,0,0,74,1366,1440,0.0
1624580081,"4/6/2016",1004,0.649999976158142,1276,0,0,55,1385,1440,0.0
1624580081,"4/7/2016",1111,0.720000028610229,1278,0,0,54,1386,1440,0.0
1624580081,"4/8/2016",6344,4.11999988555908,1409,0,0,143,1297,1440,0.0
1624580081,"4/9/2016",3572,2.3199999332428,1370,0,0,122,1318,1440,0.0
1624580081,"5/1/2016",36019,28.0300006866455,2690,186,63,171,1020,1440,59.3
1624580081,"5/10/2016",2969,1.92999994754791,1393,0,0,139,1301,1440,0.0
1624580081,"5/11/2016",3134,2.03999996185303,1359,0,0,112,1328,1440,0.0
1624580081,"5/12/2016",2971,1.92999994754791,1002,0,0,107,890,997,0.0
1624580081,"5/2/2016",7155,4.92999982833862,1497,7,6,166,1261,1440,7.3
1624580081,"5/3/2016",2100,1.37000000476837,1334,0,0,96,1344,1440,0.0
1624580081,"5/4/2016",2193,1.42999994754791,1368,0,0,118,1322,1440,0.0
1624580081,"5/5/2016",2470,1.61000001430511,1370,0,0,117,1323,1440,0.0
1624580081,"5/6/2016",1727,1.12000000476837,1341,0,0,102,1338,1440,0.0
1624580081,"5/7/2016",2104,1.37000000476837,1474,0,0,182,1258,1440,0.0
1624580081,"5/8/2016",3427,2.23000001907349,1427,0,0,152,1288,1440,0.0
1624580081,"5/9/2016",1732,1.12999999523163,1328,0,0,91,1349,1440,0.0
1644430081,"4/1/2016",4636,3.41000008583069,3323,0,16,586,838,1440,2.7
1644430081,"4/12/2016",10694,7.76999998092651,3199,2,51,256,1131,1440,17.2
1644430081,"4/13/2016",8001,5.82000017166138,2902,30,16,135,1259,1440,25.4
1644430081,"4/14/2016",11037,8.02000045776367,3226,5,58,252,1125,1440,20.0
1644430081,"4/15/2016",5263,3.82999992370605,2750,3,4,170,1263,1440,4.0
1644430081,"4/16/2016",15300,11.1199998855591,3493,51,42,212,1135,1440,30.5
1644430081,"4/17/2016",8757,6.36999988555908,3011,29,13,186,1212,1440,18.4
1644430081,"4/18/2016",7132,5.19000005722046,2806,15,33,121,1271,1440,28.4
1644430081,"4/19/2016",11256,8.18000030517578,3300,5,58,278,1099,1440,18.5
1644430081,"4/2/2016",20237,14.710000038147,4029,34,141,347,918,1440,33.5
1644430081,"4/20/2016",2436,1.76999998092651,2430,0,0,125,1315,1440,0.0
1644430081,"4/21/2016",1223,0.889999985694885,2140,0,0,38,1402,1440,0.0
1644430081,"4/22/2016",3673,2.67000007629395,2344,0,0,86,1354,1440,0.0
1644430081,"4/23/2016",6637,4.82999992370605,2677,0,15,160,1265,1440,8.6
1644430081,"4/24/2016",3321,2.41000008583069,2413,0,0,89,1351,1440,0.0
1644430081,"4/25/2016",3580,2.59999990463257,2497,8,1,94,1337,1440,8.7
1644430081,"4/26/2016",9919,7.21000003814697,3123,11,41,223,1165,1440,18.9
1644430081,"4/27/2016",3032,2.20000004768372,2489,0,0,118,1322,1440,0.0
1644430081,"4/28/2016",9405,6.84000015258789,3108,3,53,227,1157,1440,19.8
1644430081,"4/29/2016",3176,2.30999994277954,2498,0,0,120,1193,1313,0.0
1644430081,"4/3/2016",12912,9.40999984741211,3436,59,16,283,1082,1440,20.9
1644430081,"4/30/2016",18213,13.2399997711182,3846,9,71,402,816,1298,16.6
1644430081,"4/4/2016",2819,2.04999995231628,2444,4,4,87,1345,1440,8.4
1644430081,"4/5/2016",9921,7.21000003814697,3098,5,35,219,1181,1440,15.4
1644430081,"4/6/2016",8046,5.84999990463257,2925,18,41,137,1244,1440,30.1
1644430081,"4/7/2016",11166,8.11999988555908,3202,3,58,230,1149,1440,21.0
1644430081,"4/8/2016",7842,5.69999980926514,2928,7,43,161,1229,1440,23.7
1644430081,"4/9/2016",13840,10.0600004196167,3290,18,81,192,1149,1440,34.0
1644430081,"5/1/2016",6132,4.46000003814697,2696,3,24,146,908,1081,15.6
1644430081,"5/10/2016",9167,6.65999984741211,2799,12,19,155,1254,1440,16.7
1644430081,"5/11/2016",1329,0.970000028610229,1276,0,0,49,713,762,0.0
1644430081,"5/2/2016",3758,2.73000001907349,2580,1,7,148,682,838,5.1
1644430081,"5/3/2016",12850,9.34000015258789,3324,10,94,221,1115,1440,32.0
1644430081,"5/4/2016",2309,1.67999994754791,2222,0,0,52,1388,1440,0.0
1644430081,"5/5/2016",4363,3.19000005722046,2463,6,12,81,1341,1440,18.2
1644430081,"5/6/2016",9787,7.11999988555908,3328,11,6,369,1054,1440,4.4
1644430081,"5/7/2016",13372,9.72000026702881,3404,41,17,243,1139,1440,19.3
1644430081,"5/8/2016",6724,4.8899998664856,2987,0,0,295,991,1286,0.0
1644430081,"5/9/2016",6643,4.82999992370605,3008,32,6,303,1099,1440,11.1
1844505072,"4/1/2016",6847,4.53000020980835,1969,9,9,251,1171,1440,6.7
1844505072,"4/10/2016",6556,4.34000015258789,1971,0,0,305,810,1115,0.0
1844505072,"4/11/2016",5430,3.58999991416931,1888,0,0,251,1189,1440,0.0
1844505072,"4/12/2016",6697,4.42999982833862,2030,0,0,339,1101,1440,0.0
1844505072,"4/13/2016",4929,3.25999999046326,1860,0,0,248,1192,1440,0.0
1844505072,"4/14/2016",7937,5.25,2130,0,0,373,843,1216,0.0
1844505072,"4/15/2016",3844,2.53999996185303,1725,0,0,176,527,703,0.0
1844505072,"4/16/2016",3414,2.25999999046326,1657,0,0,147,1293,1440,0.0
1844505072,"4/17/2016",4525,2.99000000953674,1793,2,8,199,1231,1440,4.8
1844505072,"4/18/2016",4597,3.03999996185303,1814,0,12,217,1211,1440,5.2
1844505072,"4/19/2016",197,0.129999995231628,1366,0,0,10,1430,1440,0.0
1844505072,"4/2/2016",5367,3.54999995231628,1889,0,0,263,1177,1440,0.0
1844505072,"4/20/2016",8,0.00999999977648258,1349,0,0,1,1439,1440,0.0
1844505072,"4/21/2016",8054,5.32000017166138,2062,2,13,308,1117,1440,4.6
1844505072,"4/22/2016",5372,3.54999995231628,1827,0,0,220,1220,1440,0.0
1844505072,"4/23/2016",3570,2.35999989509583,1645,0,0,139,1301,1440,0.0
1844505072,"4/24/2016",0,0.0,1347,0,0,0,1440,1440,
1844505072,"4/25/2016",0,0.0,1347,0,0,0,1440,1440,
1844505072,"4/26/2016",0,0.0,1347,0,0,0,1440,1440,
1844505072,"4/27/2016",4,0.0,1348,0,0,1,1439,1440,0.0
1844505072,"4/28/2016",6907,4.57000017166138,1992,0,0,302,1138,1440,0.0
1844505072,"4/29/2016",4920,3.25,1856,0,0,247,1082,1329,0.0
1844505072,"4/3/2016",2841,1.87999999523163,1636,0,0,136,1114,1250,0.0
1844505072,"4/4/2016",0,0.0,1347,0,0,0,669,669,
1844505072,"4/5/2016",0,0.0,1347,0,0,0,1440,1440,
1844505072,"4/6/2016",7,0.0,1349,0,0,1,1439,1440,0.0
1844505072,"4/7/2016",6344,4.19000005722046,1965,0,0,290,1150,1440,0.0
1844505072,"4/8/2016",5316,3.50999999046326,1824,0,0,221,1219,1440,0.0
1844505072,"4/9/2016",4979,3.28999996185303,1807,0,0,184,620,804,0.0
1844505072,"5/1/2016",2573,1.70000004768372,1541,0,7,75,585,667,8.5
1844505072,"5/10/2016",0,0.0,1347,0,0,0,1440,1440,
1844505072,"5/11/2016",0,0.0,1347,0,0,0,1440,1440,
1844505072,"5/12/2016",0,0.0,665,0,0,0,711,711,
1844505072,"5/2/2016",0,0.0,1348,0,0,0,1440,1440,
1844505072,"5/3/2016",4059,2.6800000667572,1742,0,0,184,1256,1440,0.0
1844505072,"5/4/2016",2080,1.37000000476837,1549,0,0,87,1353,1440,0.0
1844505072,"5/5/2016",2237,1.48000001907349,1589,0,0,120,1320,1440,0.0
1844505072,"5/6/2016",44,0.0299999993294477,1351,0,0,2,1438,1440,0.0
1844505072,"5/7/2016",0,0.0,1347,0,0,0,1440,1440,
1844505072,"5/8/2016",0,0.0,1347,0,0,0,1440,1440,
1844505072,"5/9/2016",0,0.0,1347,0,0,0,1440,1440,
1927972279,"4/1/2016",4317,2.99000000953674,2590,0,11,192,854,1057,5.4
1927972279,"4/10/2016",2105,1.46000003814697,2442,0,0,139,805,944,0.0
1927972279,"4/11/2016",1209,0.839999973773956,2255,0,0,73,842,915,0.0
1927972279,"4/12/2016",678,0.469999998807907,2220,0,0,55,734,789,0.0
1927972279,"4/13/2016",356,0.25,2151,0,0,32,986,1018,0.0
1927972279,"4/14/2016",2163,1.5,2383,0,9,88,1292,1389,9.3
1927972279,"4/15/2016",980,0.680000007152557,2221,0,0,51,941,992,0.0
1927972279,"4/16/2016",0,0.0,2064,0,0,0,1440,1440,
1927972279,"4/17/2016",0,0.0,2063,0,0,0,1440,1440,
1927972279,"4/18/2016",244,0.170000001788139,2111,0,0,17,1423,1440,0.0
1927972279,"4/19/2016",0,0.0,2063,0,0,0,1440,1440,
1927972279,"4/2/2016",5662,3.92000007629395,2783,0,0,267,858,1125,0.0
1927972279,"4/20/2016",0,0.0,2063,0,0,0,1440,1440,
1927972279,"4/21/2016",0,0.0,2064,0,0,0,1440,1440,
1927972279,"4/22/2016",149,0.100000001490116,2093,0,0,10,1430,1440,0.0
1927972279,"4/23/2016",2945,2.03999996185303,2499,0,0,145,1295,1440,0.0
1927972279,"4/24/2016",2090,1.45000004768372,2324,1,6,75,1358,1440,8.5
1927972279,"4/25/2016",152,0.109999999403954,2100,0,0,12,1303,1315,0.0
1927972279,"4/26/2016",3761,2.59999990463257,2638,0,0,192,1058,1250,0.0
1927972279,"4/27/2016",0,0.0,2063,0,0,0,1440,1440,
1927972279,"4/28/2016",1675,1.1599999666214,2351,0,0,95,1167,1262,0.0
1927972279,"4/29/2016",0,0.0,2063,0,0,0,1440,1440,
1927972279,"4/3/2016",3198,2.21000003814697,2449,0,0,146,1183,1329,0.0
1927972279,"4/30/2016",0,0.0,2064,0,0,0,1440,1440,
1927972279,"4/4/2016",2352,1.62999999523163,2380,0,0,128,829,957,0.0
1927972279,"4/5/2016",2234,1.54999995231628,2344,0,0,108,912,1020,0.0
1927972279,"4/6/2016",1259,0.870000004768372,2202,0,0,73,938,1011,0.0
1927972279,"4/7/2016",768,0.529999971389771,2130,0,0,43,1397,1440,0.0
1927972279,"4/8/2016",519,0.360000014305115,2088,0,0,34,1406,1440,0.0
1927972279,"4/9/2016",2523,1.75,2443,0,9,134,1250,1393,6.3
1927972279,"5/1/2016",2704,1.87000000476837,2411,14,1,70,1355,1440,17.6
1927972279,"5/10/2016",0,0.0,2063,0,0,0,1440,1440,
1927972279,"5/11/2016",0,0.0,2063,0,0,0,1440,1440,
1927972279,"5/12/2016",0,0.0,1383,0,0,0,966,966,
1927972279,"5/2/2016",3790,2.61999988555908,2505,16,8,94,1322,1440,20.3
1927972279,"5/3/2016",1326,0.920000016689301,2195,10,0,17,1413,1440,37.0
1927972279,"5/4/2016",1786,1.24000000953674,2338,0,0,87,1353,1440,0.0
1927972279,"5/5/2016",0,0.0,2063,0,0,0,1440,1440,
1927972279,"5/6/2016",2091,1.45000004768372,2383,0,0,108,1332,1440,0.0
1927972279,"5/7/2016",1510,1.03999996185303,2229,0,0,48,1392,1440,0.0
1927972279,"5/8/2016",0,0.0,2063,0,0,0,1440,1440,
1927972279,"5/9/2016",0,0.0,2063,0,0,0,1440,1440,
2022484408,"4/1/2016",13603,9.60000038146973,2645,72,16,213,1139,1440,29.2
2022484408,"4/10/2016",10005,7.01999998092651,2458,1,23,339,1077,1440,6.6
2022484408,"4/11/2016",10106,7.09000015258789,2568,41,16,272,1111,1440,17.3
2022484408,"4/12/2016",11875,8.34000015258789,2390,42,14,227,1157,1440,19.8
2022484408,"4/13/2016",12024,8.5,2601,43,5,292,1100,1440,14.1
2022484408,"4/14/2016",10690,7.5,2312,32,3,257,1148,1440,12.0
2022484408,"4/15/2016",11034,8.02999973297119,2525,27,9,282,1122,1440,11.3
2022484408,"4/16/2016",10100,7.09000015258789,2177,41,11,151,1237,1440,25.6
2022484408,"4/17/2016",15112,11.3999996185303,2782,28,29,331,1052,1440,14.7
2022484408,"4/18/2016",14131,10.0699996948242,2770,48,3,311,1078,1440,14.1
2022484408,"4/19/2016",11548,8.52999973297119,2489,31,7,250,1152,1440,13.2
2022484408,"4/2/2016",5477,3.83999991416931,2040,0,0,237,1203,1440,0.0
2022484408,"4/20/2016",15112,10.6700000762939,2897,48,63,276,1053,1440,28.7
2022484408,"4/21/2016",12453,8.73999977111816,3158,104,53,255,1028,1440,38.1
2022484408,"4/22/2016",12954,9.32999992370605,2638,52,10,273,1105,1440,18.5
2022484408,"4/23/2016",6001,4.21000003814697,2069,0,0,249,1191,1440,0.0
2022484408,"4/24/2016",13481,10.2799997329712,2529,37,26,216,1161,1440,22.6
2022484408,"4/25/2016",11369,8.01000022888184,2470,44,8,217,1171,1440,19.3
2022484408,"4/26/2016",10119,7.19000005722046,2793,55,24,275,1086,1440,22.3
2022484408,"4/27/2016",10159,7.13000011444092,2463,19,20,282,1119,1440,12.1
2022484408,"4/28/2016",10140,7.11999988555908,2296,6,20,291,1123,1440,8.2
2022484408,"4/29/2016",10245,7.19000005722046,2611,21,40,281,1098,1440,17.8
2022484408,"4/3/2016",11144,7.82000017166138,2395,25,22,279,1114,1440,14.4
2022484408,"4/30/2016",18387,12.9099998474121,2732,13,23,361,1043,1440,9.1
2022484408,"4/4/2016",15313,11.0,2581,62,19,233,1126,1440,25.8
2022484408,"4/5/2016",10805,7.59000015258789,2735,36,37,298,1069,1440,19.7
2022484408,"4/6/2016",15392,10.9300003051758,2733,47,42,258,1093,1440,25.6
2022484408,"4/7/2016",18247,13.8299999237061,3021,72,62,252,1054,1440,34.7
2022484408,"4/8/2016",13023,9.26000022888184,2577,40,12,296,1092,1440,14.9
2022484408,"4/9/2016",16267,12.5900001525879,2811,44,16,302,1078,1440,16.6
2022484408,"5/1/2016",10538,7.40000009536743,2380,25,28,245,1142,1440,17.8
2022484408,"5/10/2016",12798,8.97999954223633,2797,57,28,271,1084,1440,23.9
2022484408,"5/11/2016",13272,9.31999969482422,2544,58,25,224,1133,1440,27.0
2022484408,"5/12/2016",9117,6.40999984741211,1853,16,16,236,728,996,11.9
2022484408,"5/2/2016",10379,7.28999996185303,2473,36,8,277,1119,1440,13.7
2022484408,"5/3/2016",12183,8.73999977111816,2752,72,14,250,1104,1440,25.6
2022484408,"5/4/2016",11768,8.28999996185303,2649,36,27,272,1105,1440,18.8
2022484408,"5/5/2016",11895,8.35000038146973,2609,55,20,253,1112,1440,22.9
2022484408,"5/6/2016",10227,7.17999982833862,2498,24,17,295,1104,1440,12.2
2022484408,"5/7/2016",6708,4.71000003814697,1995,20,2,149,1269,1440,12.9
2022484408,"5/8/2016",3292,2.30999994277954,1848,0,0,135,1305,1440,0.0
2022484408,"5/9/2016",13379,9.39000034332275,2709,35,47,297,1061,1440,21.6
2026352035,"4/1/2016",2605,1.62000000476837,1407,0,0,166,729,895,0.0
2026352035,"4/10/2016",5142,3.19000005722046,1515,0,0,230,654,884,0.0
2026352035,"4/11/2016",3279,2.02999997138977,1405,0,0,164,694,858,0.0
2026352035,"4/12/2016",4414,2.74000000953674,1459,3,8,181,706,898,5.7
2026352035,"4/13/2016",4993,3.09999990463257,1521,0,0,238,663,901,0.0
2026352035,"4/14/2016",3335,2.0699999332428,1431,0,0,197,653,850,0.0
2026352035,"4/15/2016",3821,2.36999988555908,1444,0,0,188,687,875,0.0
2026352035,"4/16/2016",2547,1.58000004291534,1373,0,0,150,728,878,0.0
2026352035,"4/17/2016",838,0.519999980926514,1214,0,0,60,1053,1113,0.0
2026352035,"4/18/2016",3325,2.05999994277954,1419,0,0,182,1062,1244,0.0
2026352035,"4/19/2016",2424,1.5,1356,0,0,141,785,926,0.0
2026352035,"4/2/2016",1229,0.759999990463257,1237,0,0,69,795,864,0.0
2026352035,"4/20/2016",7222,4.48000001907349,1667,0,0,327,623,950,0.0
2026352035,"4/21/2016",2467,1.52999997138977,1370,0,0,153,749,902,0.0
2026352035,"4/22/2016",2915,1.80999994277954,1399,0,0,162,712,874,0.0
2026352035,"4/23/2016",12357,7.71000003814697,1916,0,0,432,458,890,0.0
2026352035,"4/24/2016",3490,2.16000008583069,1401,0,0,164,704,868,0.0
2026352035,"4/25/2016",6017,3.73000001907349,1576,0,0,260,821,1081,0.0
2026352035,"4/26/2016",5933,3.6800000667572,1595,0,0,288,1018,1306,0.0
2026352035,"4/27/2016",6088,3.76999998092651,1593,0,0,286,586,872,0.0
2026352035,"4/28/2016",6375,3.95000004768372,1649,0,0,331,626,957,0.0
2026352035,"4/29/2016",7604,4.71000003814697,1692,0,0,352,492,844,0.0
2026352035,"4/3/2016",2308,1.42999994754791,1330,0,0,115,720,835,0.0
2026352035,"4/30/2016",4729,2.9300000667572,1506,0,0,233,594,827,0.0
2026352035,"4/4/2016",6679,4.1399998664856,1583,0,0,263,644,907,0.0
2026352035,"4/5/2016",5645,3.5,1538,0,0,248,621,869,0.0
2026352035,"4/6/2016",3180,1.97000002861023,1421,0,0,185,738,923,0.0
2026352035,"4/7/2016",2767,1.72000002861023,1392,0,0,170,673,843,0.0
2026352035,"4/8/2016",3762,2.32999992370605,1425,0,0,173,719,892,0.0
2026352035,"4/9/2016",3098,1.91999995708466,1413,0,0,185,700,885,0.0
2026352035,"5/1/2016",3609,2.27999997138977,1447,0,0,191,716,907,0.0
2026352035,"5/10/2016",254,0.159999996423721,1141,0,0,17,1002,1019,0.0
2026352035,"5/11/2016",8580,5.32000017166138,1698,0,0,330,569,899,0.0
2026352035,"5/12/2016",8891,5.51000022888184,1364,0,0,343,330,673,0.0
2026352035,"5/2/2016",7018,4.34999990463257,1690,0,0,355,716,1071,0.0
2026352035,"5/3/2016",5992,3.72000002861023,1604,0,0,304,981,1285,0.0
2026352035,"5/4/2016",6564,4.07000017166138,1658,0,0,345,530,875,0.0
2026352035,"5/5/2016",12167,7.53999996185303,1926,0,0,475,479,954,0.0
2026352035,"5/6/2016",8198,5.07999992370605,1736,0,0,383,511,894,0.0
2026352035,"5/7/2016",4193,2.59999990463257,1491,0,0,229,665,894,0.0
2026352035,"5/8/2016",5528,3.45000004768372,1555,0,0,258,610,868,0.0
2026352035,"5/9/2016",10685,6.61999988555908,1869,0,0,401,543,944,0.0
2320127002,"4/1/2016",0,0.0,1324,0,0,0,1440,1440,
2320127002,"4/10/2016",2277,1.52999997138977,1530,0,0,103,1337,1440,0.0
2320127002,"4/11/2016",11230,7.67000007629395,2206,10,2,390,1038,1440,3.0
2320127002,"4/12/2016",10725,7.48999977111816,2124,13,9,306,1112,1440,6.7
2320127002,"4/13/2016",7275,4.90000009536743,2003,0,0,335,1105,1440,0.0
2320127002,"4/14/2016",3973,2.6800000667572,1696,0,0,191,1249,1440,0.0
2320127002,"4/15/2016",5205,3.50999999046326,1801,0,0,245,1195,1440,0.0
2320127002,"4/16/2016",5057,3.41000008583069,1724,0,0,195,1245,1440,0.0
2320127002,"4/17/2016",6198,4.17999982833862,1852,0,0,249,1191,1440,0.0
2320127002,"4/18/2016",6559,4.42000007629395,1905,0,7,260,1173,1440,2.6
2320127002,"4/19/2016",5997,4.03999996185303,1811,0,11,228,1201,1440,4.6
2320127002,"4/2/2016",0,0.0,1324,0,0,0,1440,1440,
2320127002,"4/20/2016",7192,4.84999990463257,1922,0,11,283,1146,1440,3.7
2320127002,"4/21/2016",3404,2.28999996185303,1610,1,10,127,1302,1440,8.0
2320127002,"4/22/2016",5583,3.75999999046326,1851,0,0,266,1174,1440,0.0
2320127002,"4/23/2016",5079,3.42000007629395,1804,0,0,242,1129,1371,0.0
2320127002,"4/24/2016",4165,2.80999994277954,1725,0,0,204,1236,1440,0.0
2320127002,"4/25/2016",3588,2.42000007629395,1654,3,5,152,1280,1440,5.0
2320127002,"4/26/2016",3409,2.29999995231628,1632,0,0,147,1293,1440,0.0
2320127002,"4/27/2016",1715,1.1599999666214,1481,0,0,82,1358,1440,0.0
2320127002,"4/28/2016",1532,1.02999997138977,1473,0,0,76,1364,1440,0.0
2320127002,"4/29/2016",924,0.620000004768372,1410,0,0,45,1395,1440,0.0
2320127002,"4/3/2016",0,0.0,1324,0,0,0,1440,1440,
2320127002,"4/30/2016",4571,3.07999992370605,1779,0,0,234,1206,1440,0.0
2320127002,"4/4/2016",0,0.0,1324,0,0,0,1440,1440,
2320127002,"4/5/2016",4931,3.3199999332428,1708,0,0,175,1265,1440,0.0
2320127002,"4/6/2016",6999,4.71999979019165,1950,0,0,320,1120,1440,0.0
2320127002,"4/7/2016",1846,1.24000000953674,1508,0,0,93,1347,1440,0.0
2320127002,"4/8/2016",3417,2.29999995231628,1625,0,0,153,1287,1440,0.0
2320127002,"4/9/2016",4863,3.27999997138977,1772,1,11,208,1220,1440,5.5
2320127002,"5/1/2016",772,0.519999980926514,1403,0,0,40,1400,1440,0.0
2320127002,"5/10/2016",6227,4.19999980926514,1899,0,0,290,1150,1440,0.0
2320127002,"5/11/2016",6424,4.32999992370605,1903,0,0,300,1140,1440,0.0
2320127002,"5/12/2016",2661,1.78999996185303,1125,0,0,128,830,958,0.0
2320127002,"5/2/2016",3634,2.45000004768372,1613,5,6,123,1306,1440,8.2
2320127002,"5/3/2016",7443,5.01999998092651,1878,20,10,206,1204,1440,12.7
2320127002,"5/4/2016",1201,0.810000002384186,1426,0,0,52,1388,1440,0.0
2320127002,"5/5/2016",5202,3.50999999046326,1780,0,11,223,1206,1440,4.7
2320127002,"5/6/2016",4878,3.28999996185303,1742,0,0,204,1236,1440,0.0
2320127002,"5/7/2016",7379,4.96999979019165,1972,0,0,319,1121,1440,0.0
2320127002,"5/8/2016",5161,3.48000001907349,1821,0,0,247,1193,1440,0.0
2320127002,"5/9/2016",3090,2.07999992370605,1630,0,0,145,1295,1440,0.0
2347167796,"3/29/2016",10272,6.78999996185303,2041,2,58,208,700,968,22.4
2347167796,"3/30/2016",10533,7.09999990463257,2187,21,35,255,615,926,18.0
2347167796,"3/31/2016",6760,4.46999979019165,1929,0,0,250,613,863,0.0
2347167796,"4/1/2016",8328,5.51000022888184,1935,0,33,212,804,1049,13.5
2347167796,"4/10/2016",10078,6.82999992370605,2164,12,3,303,463,781,4.7
2347167796,"4/11/2016",10001,6.6100001335144,2009,5,52,196,788,1041,22.5
2347167796,"4/12/2016",10113,6.82999992370605,2344,28,13,320,964,1325,11.4
2347167796,"4/13/2016",10352,7.01000022888184,2038,19,32,195,676,922,20.7
2347167796,"4/14/2016",10129,6.69999980926514,2010,1,48,206,705,960,19.2
2347167796,"4/15/2016",10465,6.92000007629395,2133,1,24,284,720,1029,8.1
2347167796,"4/16/2016",22244,15.0799999237061,2670,66,72,268,968,1374,34.0
2347167796,"4/17/2016",5472,3.61999988555908,1882,1,7,249,508,765,3.1
2347167796,"4/18/2016",8247,5.44999980926514,1944,11,16,206,678,911,11.6
2347167796,"4/19/2016",6711,4.44000005722046,2346,0,7,382,648,1037,1.8
2347167796,"4/2/2016",15459,10.2200002670288,2438,51,16,327,583,977,17.0
2347167796,"4/20/2016",10999,7.26999998092651,2198,11,43,269,1011,1334,16.7
2347167796,"4/21/2016",10080,6.75,2048,23,26,208,761,1018,19.1
2347167796,"4/22/2016",7804,5.15999984741211,1946,9,27,206,781,1023,14.9
2347167796,"4/23/2016",16901,11.3699998855591,2629,32,35,360,591,1018,15.7
2347167796,"4/24/2016",9471,6.26000022888184,2187,0,0,360,584,944,0.0
2347167796,"4/25/2016",9482,6.38000011444092,2095,15,11,277,653,956,8.6
2347167796,"4/26/2016",5980,3.95000004768372,1861,0,0,227,732,959,0.0
2347167796,"4/27/2016",11423,7.57999992370605,2194,26,9,295,623,953,10.6
2347167796,"4/28/2016",5439,3.59999990463257,1854,0,0,229,764,993,0.0
2347167796,"4/3/2016",7485,4.94999980926514,2035,0,0,324,491,815,0.0
2347167796,"4/4/2016",10254,6.80000019073486,2099,21,25,231,638,915,16.6
2347167796,"4/5/2016",10114,6.82000017166138,2096,18,9,269,696,992,9.1
2347167796,"4/6/2016",11107,7.34000015258789,2058,14,46,196,759,1015,23.4
2347167796,"4/7/2016",10320,6.84999990463257,2338,15,32,315,1002,1364,13.0
2347167796,"4/8/2016",10209,6.75,2104,2,6,316,711,1035,2.5
2347167796,"4/9/2016",16081,10.6300001144409,2488,16,32,401,970,1419,10.7
2873212765,"4/1/2016",890,0.600000023841858,1335,0,0,41,1399,1440,0.0
2873212765,"4/10/2016",5290,3.54999995231628,1724,1,8,251,1180,1440,3.5
2873212765,"4/11/2016",7497,5.03999996185303,1741,0,0,357,882,1239,0.0
2873212765,"4/12/2016",8796,5.90999984741211,1982,2,21,356,1061,1440,6.1
2873212765,"4/13/2016",7618,5.11999988555908,2004,0,8,404,1028,1440,1.9
2873212765,"4/14/2016",7910,5.32000017166138,1893,0,0,331,1109,1440,0.0
2873212765,"4/15/2016",8482,5.69999980926514,2063,0,0,448,992,1440,0.0
2873212765,"4/16/2016",9685,6.65000009536743,2148,47,1,305,1087,1440,13.6
2873212765,"4/17/2016",2524,1.70000004768372,1529,0,8,160,1272,1440,4.8
2873212765,"4/18/2016",7762,5.23999977111816,1890,1,6,311,1122,1440,2.2
2873212765,"4/19/2016",7948,5.36999988555908,1956,0,0,389,1051,1440,0.0
2873212765,"4/2/2016",2214,1.49000000953674,1559,0,0,197,1243,1440,0.0
2873212765,"4/20/2016",9202,6.30000019073486,2094,22,5,378,1035,1440,6.7
2873212765,"4/21/2016",8859,5.98000001907349,1970,2,10,371,1057,1440,3.1
2873212765,"4/22/2016",7286,4.90000009536743,2241,46,0,366,1028,1440,11.2
2873212765,"4/23/2016",9317,6.34999990463257,2021,28,5,330,1077,1440,9.1
2873212765,"4/24/2016",6873,4.67999982833862,1898,46,1,190,1203,1440,19.8
2873212765,"4/25/2016",7373,4.94999980926514,1907,0,0,359,1081,1440,0.0
2873212765,"4/26/2016",8242,5.53999996185303,1882,2,5,309,1124,1440,2.2
2873212765,"4/27/2016",3516,2.35999989509583,1966,46,0,197,1197,1440,18.9
2873212765,"4/28/2016",7913,5.40999984741211,1835,28,7,213,1192,1440,14.1
2873212765,"4/29/2016",7365,4.94999980926514,1780,20,23,206,1191,1440,17.3
2873212765,"4/3/2016",7640,5.13000011444092,1845,3,15,315,1107,1440,5.4
2873212765,"4/30/2016",8452,5.67999982833862,1830,5,20,248,1167,1440,9.2
2873212765,"4/4/2016",9713,6.53000020980835,2046,6,24,355,1055,1440,7.8
2873212765,"4/5/2016",8432,5.67000007629395,1953,0,0,374,1066,1440,0.0
2873212765,"4/6/2016",7350,4.94000005722046,1910,0,0,382,1058,1440,0.0
2873212765,"4/7/2016",9353,6.30999994277954,2035,5,17,363,1055,1440,5.7
2873212765,"4/8/2016",7157,4.80999994277954,1944,0,0,380,1060,1440,0.0
2873212765,"4/9/2016",14103,9.5600004196167,2257,46,8,288,1098,1440,15.8
2873212765,"5/1/2016",7399,4.96999979019165,1739,7,18,196,1219,1440,11.3
2873212765,"5/10/2016",8275,5.55999994277954,1962,0,0,373,1067,1440,0.0
2873212765,"5/11/2016",6440,4.32999992370605,1826,0,0,319,1121,1440,0.0
2873212765,"5/12/2016",7566,5.1100001335144,1431,0,0,268,720,988,0.0
2873212765,"5/2/2016",7525,5.05999994277954,1878,0,7,334,1099,1440,2.1
2873212765,"5/3/2016",7412,4.98000001907349,1906,1,6,363,1070,1440,1.9
2873212765,"5/4/2016",8278,5.55999994277954,2015,0,0,420,1020,1440,0.0
2873212765,"5/5/2016",8314,5.6100001335144,1971,13,23,311,1093,1440,10.4
2873212765,"5/6/2016",7063,4.75,1910,0,5,370,1065,1440,1.3
2873212765,"5/7/2016",4940,3.38000011444092,1897,75,11,52,1302,1440,62.3
2873212765,"5/8/2016",8168,5.53999996185303,2096,46,0,326,1068,1440,12.4
2873212765,"5/9/2016",7726,5.19000005722046,1906,0,0,345,1095,1440,0.0
2891001357,"3/29/2016",0,0.0,1920,0,0,0,1440,1440,
2891001357,"3/30/2016",0,0.0,1920,0,0,0,1440,1440,
2891001357,"3/31/2016",0,0.0,1920,0,0,0,1440,1440,
2891001357,"4/1/2016",0,0.0,4562,0,660,0,780,1440,100.0
2891001357,"4/2/2016",4126,3.22000002861023,2881,0,0,720,720,1440,0.0
2891001357,"4/3/2016",0,0.0,1920,0,0,0,1440,1440,
2891001357,"4/4/2016",0,0.0,1920,0,0,0,1440,1440,
2891001357,"4/5/2016",2063,1.61000001430511,1144,0,0,630,99,729,0.0
3372868164,"4/1/2016",5785,3.95000004768372,1852,0,0,311,1129,1440,0.0
3372868164,"4/10/2016",4662,3.1800000667572,1276,22,4,152,735,913,14.6
3372868164,"4/12/2016",4747,3.24000000953674,1788,0,0,280,1160,1440,0.0
3372868164,"4/13/2016",9715,6.63000011444092,2093,16,8,371,1045,1440,6.1
3372868164,"4/14/2016",8844,6.03000020980835,2065,6,25,370,1039,1440,7.7
3372868164,"4/15/2016",7451,5.07999992370605,1908,0,0,335,1105,1440,0.0
3372868164,"4/16/2016",6905,4.73000001907349,1908,0,0,356,1084,1440,0.0
3372868164,"4/17/2016",8199,5.88000011444092,1964,11,2,322,1105,1440,3.9
3372868164,"4/18/2016",6798,4.6399998664856,2014,20,7,343,1070,1440,7.3
3372868164,"4/19/2016",7711,5.26000022888184,1985,0,0,376,1064,1440,0.0
3372868164,"4/2/2016",7625,5.23000001907349,2069,24,1,341,1074,1440,6.8
3372868164,"4/20/2016",4880,3.32999992370605,1867,15,3,274,1148,1440,6.2
3372868164,"4/21/2016",8857,6.07000017166138,2124,18,9,376,1037,1440,6.7
3372868164,"4/22/2016",3843,2.61999988555908,1669,0,0,206,1234,1440,0.0
3372868164,"4/23/2016",7396,5.07000017166138,1995,20,2,303,1115,1440,6.8
3372868164,"4/24/2016",6731,4.59000015258789,1921,14,7,292,1127,1440,6.7
3372868164,"4/25/2016",5995,4.09000015258789,2010,0,0,416,1024,1440,0.0
3372868164,"4/26/2016",8283,5.78999996185303,2057,22,2,333,1083,1440,6.7
3372868164,"4/27/2016",7904,5.42000007629395,2095,24,13,346,1057,1440,9.7
3372868164,"4/28/2016",5512,3.75999999046326,1972,0,0,385,1055,1440,0.0
3372868164,"4/29/2016",9135,6.23000001907349,2044,0,0,402,1038,1440,0.0
3372868164,"4/3/2016",4706,3.21000003814697,1816,0,0,299,1141,1440,0.0
3372868164,"4/30/2016",5250,3.57999992370605,1946,17,4,300,1119,1440,6.5
3372868164,"4/4/2016",5861,4.01999998092651,1878,20,7,233,1180,1440,10.4
3372868164,"4/5/2016",4460,3.03999996185303,1787,0,0,248,1192,1440,0.0
3372868164,"4/6/2016",6406,4.3899998664856,2010,17,4,325,1094,1440,6.1
3372868164,"4/7/2016",7392,5.09999990463257,2038,14,9,332,1085,1440,6.5
3372868164,"4/8/2016",5551,3.78999996185303,1815,0,0,282,1158,1440,0.0
3372868164,"4/9/2016",8827,6.25,2062,21,10,346,1063,1440,8.2
3372868164,"5/1/2016",3077,2.09999990463257,1237,0,0,172,842,1014,0.0
3977333714,"4/1/2016",4499,3.00999999046326,1288,0,0,168,842,1010,0.0
3977333714,"4/10/2016",3573,2.39000010490417,1232,15,8,99,866,988,18.9
3977333714,"4/11/2016",3108,2.14000010490417,1223,1,1,129,894,1025,1.5
3977333714,"4/12/2016",8856,5.98000001907349,1450,44,19,131,777,971,32.5
3977333714,"4/13/2016",10035,6.71000003814697,1495,31,46,153,754,984,33.5
3977333714,"4/14/2016",7641,5.1100001335144,1433,5,23,214,801,1043,11.6
3977333714,"4/15/2016",9010,6.05999994277954,1468,15,42,183,644,884,23.8
3977333714,"4/16/2016",13459,9.0,1625,31,83,153,663,930,42.7
3977333714,"4/17/2016",10415,6.96999979019165,1529,11,58,205,600,874,25.2
3977333714,"4/18/2016",11663,7.80000019073486,1584,4,95,214,605,918,31.6
3977333714,"4/19/2016",12414,8.77999973297119,1638,19,67,221,738,1045,28.0
3977333714,"4/2/2016",7618,5.09999990463257,1490,0,6,302,842,1150,1.9
3977333714,"4/20/2016",11658,7.82999992370605,1554,2,98,164,845,1109,37.9
3977333714,"4/21/2016",6093,4.07999992370605,1397,0,0,242,712,954,0.0
3977333714,"4/22/2016",8911,5.96000003814697,1481,33,12,188,731,964,19.3
3977333714,"4/23/2016",12058,8.06999969482422,1638,0,92,252,724,1068,26.7
3977333714,"4/24/2016",14112,10.0,1655,30,95,129,660,914,49.2
3977333714,"4/25/2016",11177,8.47999954223633,1570,50,9,133,781,973,30.7
3977333714,"4/26/2016",11388,7.61999988555908,1551,7,95,170,797,1069,37.5
3977333714,"4/27/2016",7193,5.03999996185303,1377,0,10,176,714,900,5.4
3977333714,"4/28/2016",7114,4.88000011444092,1407,15,8,190,804,1017,10.8
3977333714,"4/29/2016",10645,7.75,1545,36,32,150,744,962,31.2
3977333714,"4/3/2016",11508,7.69999980926514,1630,29,22,282,748,1081,15.3
3977333714,"4/30/2016",13238,9.19999980926514,1650,43,52,194,687,976,32.9
3977333714,"4/4/2016",11943,7.98999977111816,1648,16,43,297,710,1066,16.6
3977333714,"4/5/2016",12303,8.22999954223633,1649,26,32,291,605,954,16.6
3977333714,"4/6/2016",15425,10.3199996948242,1783,24,45,331,614,1014,17.3
3977333714,"4/7/2016",8422,5.63000011444092,1431,0,81,139,815,1035,36.8
3977333714,"4/8/2016",10226,6.84000015258789,1524,0,101,174,685,960,36.7
3977333714,"4/9/2016",14583,9.76000022888184,1697,35,36,254,697,1022,21.8
3977333714,"5/1/2016",10414,7.07000017166138,1501,41,40,124,691,896,39.5
3977333714,"5/10/2016",13072,8.77999973297119,1630,1,115,196,676,988,37.2
3977333714,"5/2/2016",16520,11.0500001907349,1760,24,143,176,713,1056,48.7
3977333714,"5/3/2016",14335,9.59000015258789,1710,47,41,258,594,940,25.4
3977333714,"5/4/2016",13559,9.4399995803833,1628,14,96,142,852,1104,43.7
3977333714,"5/5/2016",12312,8.57999992370605,1618,14,88,178,680,960,36.4
3977333714,"5/6/2016",11677,8.27999973297119,1590,29,55,168,676,928,33.3
3977333714,"5/7/2016",11550,7.73000001907349,1574,0,86,208,703,997,29.3
3977333714,"5/8/2016",13585,9.09000015258789,1633,9,116,171,688,984,42.2
3977333714,"5/9/2016",14687,10.0799999237061,1667,8,122,151,1159,1440,46.3
4020332650,"3/12/2016",5543,3.97000002861023,2990,0,0,254,757,1011,0.0
4020332650,"3/13/2016",3226,2.30999994277954,2480,0,0,136,771,907,0.0
4020332650,"3/14/2016",3023,2.17000007629395,2570,0,0,145,1005,1150,0.0
4020332650,"3/15/2016",5906,4.23000001907349,3016,0,10,215,874,1099,4.4
4020332650,"3/16/2016",12483,8.98999977111816,3830,25,14,309,599,947,11.2
4020332650,"3/17/2016",8940,6.40999984741211,3706,0,0,47,986,1033,0.0
4020332650,"3/18/2016",368,0.259999990463257,2024,0,0,0,1440,1440,
4020332650,"3/19/2016",5702,4.09000015258789,2980,0,0,0,1440,1440,
4020332650,"3/20/2016",10330,7.40999984741211,3728,0,0,0,1440,1440,
4020332650,"3/21/2016",8778,6.28999996185303,3348,0,0,0,1440,1440,
4020332650,"3/22/2016",6662,4.78000020980835,3162,0,0,0,1440,1440,
4020332650,"3/23/2016",6309,4.51999998092651,3140,0,0,0,1440,1440,
4020332650,"3/24/2016",1951,1.4099999666214,1980,0,0,0,1440,1440,
4020332650,"3/25/2016",5563,3.99000000953674,3681,0,0,0,1440,1440,
4020332650,"3/26/2016",4370,3.13000011444092,3444,0,0,0,1440,1440,
4020332650,"3/27/2016",7144,5.11999988555908,3510,0,0,0,1440,1440,
4020332650,"3/28/2016",2106,1.50999999046326,4010,31,45,75,1289,1440,50.3
4020332650,"3/29/2016",4152,2.98000001907349,2976,0,0,187,1253,1440,0.0
4020332650,"3/30/2016",5400,3.86999988555908,3418,0,0,258,795,1053,0.0
4020332650,"3/31/2016",7428,5.32999992370605,3439,18,33,261,860,1172,16.3
4020332650,"4/1/2016",5351,3.83999991416931,3338,15,17,210,748,990,13.2
4020332650,"4/10/2016",5129,3.6800000667572,2817,5,7,176,1178,1366,6.4
4020332650,"4/11/2016",2993,2.15000009536743,2507,0,0,114,888,1002,0.0
4020332650,"4/12/2016",8539,6.11999988555908,3654,4,15,331,712,1062,5.4
4020332650,"4/13/2016",0,0.0,1981,0,0,0,1440,1440,
4020332650,"4/14/2016",108,0.0799999982118607,2011,0,0,3,1437,1440,0.0
4020332650,"4/15/2016",1882,1.35000002384186,2951,36,18,87,1299,1440,38.3
4020332650,"4/16/2016",1982,1.41999995708466,3051,65,21,55,1222,1363,61.0
4020332650,"4/17/2016",16,0.00999999977648258,1990,0,0,2,1438,1440,0.0
4020332650,"4/18/2016",62,0.0399999991059303,1995,0,0,2,1438,1440,0.0
4020332650,"4/19/2016",0,0.0,1980,0,0,0,1440,1440,
4020332650,"4/2/2016",4299,3.09999990463257,2892,3,15,162,752,932,10.0
4020332650,"4/20/2016",0,0.0,1980,0,0,0,1440,1440,
4020332650,"4/21/2016",0,0.0,1980,0,0,0,1440,1440,
4020332650,"4/22/2016",0,0.0,1980,0,0,0,1440,1440,
4020332650,"4/23/2016",0,0.0,1980,0,0,0,1440,1440,
4020332650,"4/24/2016",0,0.0,1980,0,0,0,1440,1440,
4020332650,"4/25/2016",0,0.0,1980,0,0,0,1440,1440,
4020332650,"4/26/2016",0,0.0,1980,0,0,0,1440,1440,
4020332650,"4/27/2016",0,0.0,1980,0,0,0,1440,1440,
4020332650,"4/28/2016",0,0.0,1980,0,0,0,1440,1440,
4020332650,"4/29/2016",0,0.0,1980,0,0,0,1440,1440,
4020332650,"4/3/2016",6107,4.38000011444092,3313,0,0,265,776,1041,0.0
4020332650,"4/30/2016",0,0.0,1980,0,0,0,1440,1440,
4020332650,"4/4/2016",6429,4.59999990463257,3118,0,28,193,741,962,12.7
4020332650,"4/5/2016",6880,4.92999982833862,2966,7,19,165,1249,1440,13.6
4020332650,"4/6/2016",7476,5.3600001335144,3253,0,0,263,920,1183,0.0
4020332650,"4/7/2016",6581,4.71999979019165,3032,0,8,241,1191,1440,3.2
4020332650,"4/8/2016",10480,7.51000022888184,4034,6,37,272,1125,1440,13.7
4020332650,"4/9/2016",7734,5.55000019073486,3264,20,12,223,1185,1440,12.5
4020332650,"5/1/2016",0,0.0,1980,0,0,0,1440,1440,
4020332650,"5/10/2016",5546,3.98000001907349,2926,0,0,206,774,980,0.0
4020332650,"5/11/2016",3689,2.65000009536743,2645,2,8,134,1296,1440,6.9
4020332650,"5/12/2016",590,0.419999986886978,1120,0,0,21,721,742,0.0
4020332650,"5/2/2016",475,0.340000003576279,2207,0,11,31,1350,1392,26.2
4020332650,"5/3/2016",4496,3.22000002861023,2828,0,0,174,950,1124,0.0
4020332650,"5/4/2016",10252,7.34999990463257,3879,13,46,346,531,936,14.6
4020332650,"5/5/2016",11728,8.43000030517578,3429,38,42,196,916,1192,29.0
4020332650,"5/6/2016",4369,3.13000011444092,2704,0,0,177,855,1032,0.0
4020332650,"5/7/2016",6132,4.40000009536743,2975,0,0,184,1256,1440,0.0
4020332650,"5/8/2016",5862,4.19999980926514,3089,0,0,263,775,1038,0.0
4020332650,"5/9/2016",4556,3.26999998092651,2785,3,5,173,1225,1406,4.4
4057192912,"3/12/2016",0,0.0,1777,0,0,0,1440,1440,
4057192912,"3/13/2016",0,0.0,1777,0,0,0,1440,1440,
4057192912,"3/14/2016",8433,6.23000001907349,2453,30,7,135,1268,1440,21.5
4057192912,"3/15/2016",0,0.0,1776,0,0,0,1440,1440,
4057192912,"3/16/2016",2139,1.55999994277954,1935,0,28,15,1397,1440,65.1
4057192912,"3/17/2016",0,0.0,1776,0,0,0,1440,1440,
4057192912,"3/18/2016",949,0.689999997615814,1870,0,0,34,1406,1440,0.0
4057192912,"3/19/2016",0,0.0,1777,0,0,0,1440,1440,
4057192912,"3/20/2016",44,0.0299999993294477,1782,0,0,2,1438,1440,0.0
4057192912,"3/21/2016",2660,1.94000005722046,1978,0,0,46,1394,1440,0.0
4057192912,"3/22/2016",5561,4.19000005722046,2296,0,0,169,1271,1440,0.0
4057192912,"3/23/2016",7239,5.34000015258789,2484,7,7,190,1236,1440,6.9
4057192912,"3/24/2016",7,0.00999999977648258,1787,0,0,1,1439,1440,0.0
4057192912,"3/25/2016",0,0.0,1776,0,0,0,1440,1440,
4057192912,"3/26/2016",0,0.0,1776,0,0,0,1440,1440,
4057192912,"3/27/2016",2275,1.67999994754791,2005,0,0,86,1354,1440,0.0
4057192912,"3/28/2016",8,0.00999999977648258,1778,0,0,1,1439,1440,0.0
4057192912,"3/29/2016",5137,3.75999999046326,2293,0,0,160,1280,1440,0.0
4057192912,"3/30/2016",5419,4.0,2259,0,0,145,1295,1440,0.0
4057192912,"3/31/2016",0,0.0,1776,0,0,0,1440,1440,
4057192912,"4/1/2016",0,0.0,1776,0,0,0,1440,1440,
4057192912,"4/10/2016",3434,2.50999999046326,2101,1,7,108,1324,1440,6.9
4057192912,"4/11/2016",6801,4.98000001907349,2393,0,0,193,1247,1440,0.0
4057192912,"4/12/2016",5394,4.03000020980835,2286,0,0,164,1276,1440,0.0
4057192912,"4/13/2016",5974,4.46999979019165,2306,0,0,160,1280,1440,0.0
4057192912,"4/14/2016",0,0.0,1776,0,0,0,1440,1440,
4057192912,"4/15/2016",3984,2.95000004768372,1527,3,6,88,873,970,9.3
4057192912,"4/2/2016",0,0.0,1776,0,0,0,1440,1440,
4057192912,"4/3/2016",0,0.0,1776,0,0,0,1440,1440,
4057192912,"4/4/2016",0,0.0,1776,0,0,0,1440,1440,
4057192912,"4/5/2016",0,0.0,1776,0,0,0,1440,1440,
4057192912,"4/6/2016",18,0.00999999977648258,1780,0,0,2,1438,1440,0.0
4057192912,"4/7/2016",4,0.0,1778,0,0,1,1439,1440,0.0
4057192912,"4/8/2016",8426,6.15999984741211,2360,2,120,25,1293,1440,83.0
4057192912,"4/9/2016",1650,1.21000003814697,1952,0,0,60,1380,1440,0.0
4319703577,"3/29/2016",5643,3.78999996185303,1958,3,8,199,683,893,5.2
4319703577,"3/30/2016",9043,6.07000017166138,2141,4,12,244,702,962,6.2
4319703577,"3/31/2016",8144,5.46000003814697,2129,4,17,247,1125,1393,7.8
4319703577,"4/1/2016",9343,6.26999998092651,2216,14,20,268,654,956,11.3
4319703577,"4/12/2016",7753,5.19999980926514,2115,0,0,0,1440,1440,
4319703577,"4/13/2016",8204,5.5,2135,8,15,96,1234,1353,19.3
4319703577,"4/14/2016",10210,6.88000011444092,2302,1,9,339,589,938,2.9
4319703577,"4/15/2016",5664,3.79999995231628,1985,0,0,228,752,980,0.0
4319703577,"4/16/2016",4744,3.1800000667572,1884,0,0,194,724,918,0.0
4319703577,"4/17/2016",29,0.0199999995529652,1464,0,0,3,1363,1366,0.0
4319703577,"4/18/2016",2276,1.54999995231628,1632,1,9,58,824,892,14.7
4319703577,"4/19/2016",8925,5.98999977111816,2200,0,0,311,604,915,0.0
4319703577,"4/2/2016",8405,5.65999984741211,2154,15,4,257,621,897,6.9
4319703577,"4/20/2016",8954,6.01000022888184,2220,0,18,306,671,995,5.6
4319703577,"4/21/2016",3702,2.48000001907349,1792,0,0,34,1265,1299,0.0
4319703577,"4/22/2016",4500,3.01999998092651,1886,1,19,176,709,905,10.2
4319703577,"4/23/2016",4935,3.30999994277954,1945,0,0,233,546,779,0.0
4319703577,"4/24/2016",4081,2.74000000953674,1880,1,5,191,692,889,3.0
4319703577,"4/25/2016",9259,6.21000003814697,2314,0,8,390,544,942,2.0
4319703577,"4/26/2016",9899,6.6399998664856,2236,8,21,288,649,966,9.1
4319703577,"4/27/2016",10780,7.23000001907349,2324,6,47,300,680,1033,15.0
4319703577,"4/28/2016",10817,7.28000020980835,2367,13,8,359,552,932,5.5
4319703577,"4/29/2016",7990,5.3600001335144,2175,6,18,289,624,937,7.7
4319703577,"4/3/2016",8223,5.51999998092651,2178,12,37,257,551,857,16.0
4319703577,"4/30/2016",8221,5.51999998092651,2092,6,38,196,695,935,18.3
4319703577,"4/4/2016",10067,6.76000022888184,2308,5,39,313,578,935,12.3
4319703577,"4/5/2016",8359,5.63000011444092,2201,3,14,311,638,966,5.2
4319703577,"4/6/2016",10946,7.34999990463257,2341,8,51,308,569,936,16.1
4319703577,"4/7/2016",9130,6.15000009536743,2236,7,11,304,668,990,5.6
4319703577,"4/8/2016",6544,4.40999984741211,2069,4,6,276,1132,1418,3.5
4319703577,"5/1/2016",1251,0.839999973773956,1593,0,0,67,836,903,0.0
4319703577,"5/10/2016",9487,6.36999988555908,2260,3,12,329,555,899,4.4
4319703577,"5/11/2016",9129,6.13000011444092,2232,3,18,311,574,906,6.3
4319703577,"5/2/2016",9261,6.23999977111816,2270,0,11,344,585,940,3.1
4319703577,"5/3/2016",9648,6.46999979019165,2235,8,26,287,669,990,10.6
4319703577,"5/4/2016",10429,7.01999998092651,2282,8,13,313,1106,1440,6.3
4319703577,"5/5/2016",13658,9.48999977111816,2530,27,34,328,957,1346,15.7
4319703577,"5/6/2016",9524,6.42000007629395,2266,6,11,314,692,1023,5.1
4319703577,"5/7/2016",7937,5.32999992370605,2158,3,28,279,586,896,10.0
4319703577,"5/8/2016",3672,2.46000003814697,1792,0,0,153,603,756,0.0
4319703577,"5/9/2016",10378,6.96000003814697,2345,2,14,374,490,880,4.1
4388161847,"3/29/2016",0,0.0,1878,0,0,0,1440,1440,
4388161847,"3/30/2016",0,0.0,1878,0,0,0,1440,1440,
4388161847,"3/31/2016",0,0.0,1878,0,0,0,1440,1440,
4388161847,"4/1/2016",0,0.0,1878,0,0,0,1440,1440,
4388161847,"4/12/2016",10122,7.78000020980835,2955,0,0,0,1440,1440,
4388161847,"4/13/2016",10993,8.44999980926514,3092,1,14,150,1275,1440,9.1
4388161847,"4/14/2016",8863,6.82000017166138,2998,10,35,219,945,1209,17.0
4388161847,"4/15/2016",8758,6.73000001907349,3066,0,0,299,837,1136,0.0
4388161847,"4/16/2016",6580,5.05999994277954,3073,6,9,253,609,877,5.6
4388161847,"4/17/2016",4660,3.57999992370605,2572,0,0,201,721,922,0.0
4388161847,"4/18/2016",11009,9.10000038146973,3274,27,8,239,1017,1291,12.8
4388161847,"4/19/2016",10181,7.82999992370605,3015,20,16,249,704,989,12.6
4388161847,"4/2/2016",0,0.0,1878,0,0,0,1440,1440,
4388161847,"4/20/2016",10553,8.11999988555908,3083,19,42,228,696,985,21.1
4388161847,"4/21/2016",10055,7.73000001907349,3069,7,12,272,853,1144,6.5
4388161847,"4/22/2016",12139,9.34000015258789,3544,77,25,220,945,1267,31.7
4388161847,"4/23/2016",13236,10.1800003051758,3306,58,5,215,749,1027,22.7
4388161847,"4/24/2016",10243,7.88000011444092,2885,14,8,239,584,845,8.4
4388161847,"4/25/2016",12961,9.97000026702881,3288,11,31,301,1054,1397,12.2
4388161847,"4/26/2016",9461,7.28000020980835,2929,14,23,224,673,934,14.2
4388161847,"4/27/2016",11193,8.60999965667725,3074,11,48,241,684,984,19.7
4388161847,"4/28/2016",10074,7.75,2969,19,9,234,878,1140,10.7
4388161847,"4/29/2016",9232,7.09999990463257,2979,13,16,236,1175,1440,10.9
4388161847,"4/3/2016",0,0.0,1878,0,0,0,1440,1440,
4388161847,"4/30/2016",12533,9.64000034332275,3283,14,43,300,537,894,16.0
4388161847,"4/4/2016",0,0.0,1878,0,0,0,1440,1440,
4388161847,"4/5/2016",0,0.0,1296,0,0,0,994,994,
4388161847,"5/1/2016",10255,7.8899998664856,2926,12,15,241,579,847,10.1
4388161847,"5/10/2016",10299,7.92000007629395,3061,13,14,267,648,942,9.2
4388161847,"5/11/2016",10201,7.84000015258789,2954,8,18,256,858,1140,9.2
4388161847,"5/12/2016",3369,2.58999991416931,1623,0,0,108,825,933,0.0
4388161847,"5/2/2016",10096,8.39999961853027,3147,33,4,204,935,1176,15.4
4388161847,"5/3/2016",12727,9.78999996185303,3290,18,18,306,984,1326,10.5
4388161847,"5/4/2016",12375,9.52000045776367,3162,35,21,251,632,939,18.2
4388161847,"5/5/2016",9603,7.38000011444092,2899,12,39,199,896,1146,20.4
4388161847,"5/6/2016",13175,10.1300001144409,3425,33,45,262,1100,1440,22.9
4388161847,"5/7/2016",22770,17.5400009155273,4022,120,56,260,508,944,40.4
4388161847,"5/8/2016",17298,14.3800001144409,3934,107,38,178,576,899,44.9
4388161847,"5/9/2016",10218,7.8600001335144,3013,6,19,258,1020,1303,8.8
4445114986,"3/29/2016",2303,1.54999995231628,2010,0,0,155,807,962,0.0
4445114986,"3/30/2016",2600,1.74000000953674,2032,0,0,163,1277,1440,0.0
4445114986,"3/31/2016",4804,3.22000002861023,2227,0,0,238,786,1024,0.0
4445114986,"4/1/2016",3271,2.19000005722046,2133,0,0,205,898,1103,0.0
4445114986,"4/10/2016",6625,4.44999980926514,2424,0,0,316,755,1071,0.0
4445114986,"4/11/2016",5986,4.13000011444092,2297,23,5,195,789,1012,12.6
4445114986,"4/12/2016",3276,2.20000004768372,2113,0,0,196,787,983,0.0
4445114986,"4/13/2016",2961,1.99000000953674,2095,0,0,194,840,1034,0.0
4445114986,"4/14/2016",3974,2.67000007629395,2194,0,0,231,717,948,0.0
4445114986,"4/15/2016",7198,4.82999992370605,2496,0,0,350,711,1061,0.0
4445114986,"4/16/2016",3945,2.65000009536743,2180,0,0,225,716,941,0.0
4445114986,"4/17/2016",2268,1.51999998092651,1933,0,0,114,1219,1333,0.0
4445114986,"4/18/2016",6155,4.23999977111816,2248,25,6,162,1247,1440,16.1
4445114986,"4/19/2016",2064,1.38999998569489,1954,0,0,121,895,1016,0.0
4445114986,"4/2/2016",5406,3.63000011444092,2317,0,0,273,672,945,0.0
4445114986,"4/20/2016",2072,1.38999998569489,1974,0,0,137,841,978,0.0
4445114986,"4/21/2016",3809,2.55999994277954,2150,0,0,215,756,971,0.0
4445114986,"4/22/2016",6831,4.57999992370605,2432,0,0,317,706,1023,0.0
4445114986,"4/23/2016",4363,2.9300000667572,2149,0,0,201,1239,1440,0.0
4445114986,"4/24/2016",5002,3.35999989509583,2247,0,0,244,1196,1440,0.0
4445114986,"4/25/2016",3385,2.26999998092651,2070,0,0,179,916,1095,0.0
4445114986,"4/26/2016",6326,4.40999984741211,2291,29,1,180,839,1049,14.3
4445114986,"4/27/2016",7243,5.03000020980835,2361,32,1,194,839,1066,14.5
4445114986,"4/28/2016",4493,3.00999999046326,2203,0,0,236,762,998,0.0
4445114986,"4/29/2016",4676,3.14000010490417,2196,0,0,226,1106,1332,0.0
4445114986,"4/3/2016",3146,2.10999989509583,2058,0,0,171,1269,1440,0.0
4445114986,"4/30/2016",6222,4.17999982833862,2363,0,0,290,797,1087,0.0
4445114986,"4/4/2016",2422,1.62999999523163,1935,0,0,110,1330,1440,0.0
4445114986,"4/5/2016",4239,2.83999991416931,2217,1,6,235,702,944,2.9
4445114986,"4/6/2016",6911,4.78000020980835,2374,28,2,215,745,990,12.2
4445114986,"4/7/2016",6667,4.6100001335144,2335,24,1,208,939,1172,10.7
4445114986,"4/8/2016",5543,3.72000002861023,2303,0,0,266,941,1207,0.0
4445114986,"4/9/2016",4195,2.80999994277954,2210,0,0,239,758,997,0.0
4445114986,"5/1/2016",5232,3.50999999046326,2246,0,0,240,741,981,0.0
4445114986,"5/10/2016",3915,2.63000011444092,2181,0,0,231,783,1014,0.0
4445114986,"5/11/2016",9105,6.1100001335144,2499,34,22,232,622,910,19.4
4445114986,"5/2/2016",6910,4.75,2336,27,4,200,667,898,13.4
4445114986,"5/3/2016",7502,5.17999982833862,2421,30,2,233,725,990,12.1
4445114986,"5/4/2016",2923,1.96000003814697,2070,0,0,180,897,1077,0.0
4445114986,"5/5/2016",3800,2.54999995231628,2120,2,6,185,734,927,4.1
4445114986,"5/6/2016",4514,3.02999997138977,2211,0,0,229,809,1038,0.0
4445114986,"5/7/2016",5183,3.58999991416931,2123,26,4,108,866,1004,21.7
4445114986,"5/8/2016",7303,4.90000009536743,2423,0,8,308,733,1049,2.5
4445114986,"5/9/2016",5275,3.53999996185303,2281,0,0,266,641,907,0.0
4558609924,"4/1/2016",5336,3.52999997138977,1902,0,0,258,1182,1440,0.0
4558609924,"4/10/2016",6263,4.1399998664856,1906,0,0,290,1150,1440,0.0
4558609924,"4/11/2016",8828,5.84000015258789,2149,0,0,308,1132,1440,0.0
4558609924,"4/12/2016",5135,3.39000010490417,1909,0,0,318,1122,1440,0.0
4558609924,"4/13/2016",4978,3.28999996185303,1722,19,7,127,1287,1440,17.0
4558609924,"4/14/2016",6799,4.48999977111816,1922,0,0,279,1161,1440,0.0
4558609924,"4/15/2016",7795,5.15000009536743,2121,17,30,262,1131,1440,15.2
4558609924,"4/16/2016",7289,4.82000017166138,1997,8,12,308,1112,1440,6.1
4558609924,"4/17/2016",9634,6.40000009536743,2117,7,19,304,1110,1440,7.9
4558609924,"4/18/2016",8940,5.90999984741211,2116,14,15,331,1080,1440,8.1
4558609924,"4/19/2016",5401,3.5699999332428,1876,1,9,248,1182,1440,3.9
4558609924,"4/2/2016",3183,2.09999990463257,1680,0,0,173,1180,1353,0.0
4558609924,"4/20/2016",4803,3.17000007629395,1788,0,0,222,1218,1440,0.0
4558609924,"4/21/2016",13743,9.07999992370605,2486,6,21,432,844,1303,5.9
4558609924,"4/22/2016",9601,6.34999990463257,2094,20,25,273,1122,1440,14.2
4558609924,"4/23/2016",6890,4.55000019073486,2085,5,5,308,1122,1440,3.1
4558609924,"4/24/2016",8563,5.65999984741211,2173,0,0,395,1045,1440,0.0
4558609924,"4/25/2016",8095,5.34999990463257,2225,18,10,340,993,1361,7.6
4558609924,"4/26/2016",9148,6.05000019073486,2223,12,41,283,1062,1398,15.8
4558609924,"4/27/2016",9557,6.32000017166138,2098,27,14,312,1087,1440,11.6
4558609924,"4/28/2016",9451,6.25,2185,1,11,367,985,1364,3.2
4558609924,"4/29/2016",7833,5.17999982833862,1918,15,29,197,1096,1337,18.3
4558609924,"4/3/2016",6176,4.07999992370605,1901,1,7,269,886,1163,2.9
4558609924,"4/30/2016",10319,6.82000017166138,2105,7,29,293,1111,1440,10.9
4558609924,"4/4/2016",8205,5.42000007629395,2078,0,0,367,1073,1440,0.0
4558609924,"4/5/2016",6799,4.48999977111816,1876,24,14,185,1217,1440,17.0
4558609924,"4/6/2016",5668,3.75,1853,0,0,259,1181,1440,0.0
4558609924,"4/7/2016",7998,5.28999996185303,2235,27,12,296,1105,1440,11.6
4558609924,"4/8/2016",4195,2.76999998092651,1778,0,0,241,1199,1440,0.0
4558609924,"4/9/2016",5512,3.64000010490417,1882,0,0,276,1164,1440,0.0
4558609924,"5/1/2016",3428,2.26999998092651,1692,0,0,190,1121,1311,0.0
4558609924,"5/10/2016",6435,4.25,1889,11,18,220,1191,1440,11.6
4558609924,"5/11/2016",9108,6.01999998092651,2131,4,31,324,1081,1440,9.7
4558609924,"5/12/2016",6307,4.17000007629395,1452,0,0,247,736,983,0.0
4558609924,"5/2/2016",7891,5.21999979019165,2066,0,0,383,1057,1440,0.0
4558609924,"5/3/2016",5267,3.48000001907349,1953,21,10,237,1172,1440,11.6
4558609924,"5/4/2016",5232,3.46000003814697,1842,0,0,252,1188,1440,0.0
4558609924,"5/5/2016",10611,7.01000022888184,2262,14,8,370,1048,1440,5.6
4558609924,"5/6/2016",3755,2.48000001907349,1722,0,0,202,1238,1440,0.0
4558609924,"5/7/2016",8237,5.44000005722046,1973,23,16,233,1116,1388,14.3
4558609924,"5/8/2016",6543,4.32999992370605,2666,66,35,238,1019,1358,29.8
4558609924,"5/9/2016",11451,7.57000017166138,2223,6,30,339,1065,1440,9.6
4702921684,"3/29/2016",6506,5.28000020980835,2886,4,5,241,760,1010,3.6
4702921684,"3/30/2016",7583,6.15000009536743,2915,3,13,227,742,985,6.6
4702921684,"3/31/2016",6963,5.65000009536743,2895,0,0,256,759,1015,0.0
4702921684,"4/1/2016",7165,5.80999994277954,2923,0,9,248,708,965,3.5
4702921684,"4/10/2016",11135,9.02999973297119,3224,1,25,331,528,885,7.3
4702921684,"4/11/2016",6499,5.26999998092651,2677,0,0,207,809,1016,0.0
4702921684,"4/12/2016",7213,5.88000011444092,2947,0,0,263,718,981,0.0
4702921684,"4/13/2016",6877,5.57999992370605,2898,0,0,258,777,1035,0.0
4702921684,"4/14/2016",7860,6.36999988555908,2984,0,0,271,772,1043,0.0
4702921684,"4/15/2016",6506,5.28000020980835,2896,1,8,256,944,1209,3.4
4702921684,"4/16/2016",11140,9.02999973297119,3328,3,24,335,556,918,7.5
4702921684,"4/17/2016",12692,10.289999961853,3394,12,66,302,437,817,20.5
4702921684,"4/18/2016",9105,7.38000011444092,3013,22,30,191,890,1133,21.4
4702921684,"4/19/2016",6708,5.44000005722046,2812,10,8,179,757,954,9.1
4702921684,"4/2/2016",10328,8.38000011444092,3323,0,32,367,475,874,8.0
4702921684,"4/20/2016",8793,7.13000011444092,3061,2,29,260,717,1008,10.7
4702921684,"4/21/2016",6530,5.30000019073486,2729,4,41,144,901,1090,23.8
4702921684,"4/22/2016",1664,1.35000002384186,2241,0,0,72,1341,1413,0.0
4702921684,"4/23/2016",15126,12.2700004577637,3691,9,66,408,469,952,15.5
4702921684,"4/24/2016",15050,12.2200002670288,3538,15,95,281,542,933,28.1
4702921684,"4/25/2016",9167,7.42999982833862,3064,6,15,270,730,1021,7.2
4702921684,"4/26/2016",6108,4.94999980926514,2784,1,8,216,765,990,4.0
4702921684,"4/27/2016",7047,5.71999979019165,2908,1,16,238,733,988,6.7
4702921684,"4/28/2016",9023,7.32000017166138,3033,14,9,232,738,993,9.0
4702921684,"4/29/2016",9930,8.05000019073486,3165,12,19,267,692,990,10.4
4702921684,"4/3/2016",12116,9.82999992370605,3357,3,57,323,471,854,15.7
4702921684,"4/30/2016",10144,8.22999954223633,3115,4,36,263,728,1031,13.2
4702921684,"4/4/2016",7810,6.3600001335144,2931,6,27,216,746,995,13.3
4702921684,"4/5/2016",6670,5.40999984741211,2848,15,16,199,770,1000,13.5
4702921684,"4/6/2016",7605,6.17999982833862,2943,4,4,248,708,964,3.1
4702921684,"4/7/2016",6585,5.34000015258789,2822,0,0,210,770,980,0.0
4702921684,"4/8/2016",8184,6.6399998664856,2981,0,15,247,808,1070,5.7
4702921684,"4/9/2016",14002,11.3599996566772,3597,8,56,381,407,852,14.4
4702921684,"5/1/2016",0,0.0,2017,0,0,0,1440,1440,
4702921684,"5/10/2016",10613,8.60999965667725,3172,1,37,262,701,1001,12.7
4702921684,"5/11/2016",9810,7.96000003814697,3069,10,41,235,784,1070,17.8
4702921684,"5/2/2016",7245,5.92000007629395,2859,5,40,195,1131,1371,18.8
4702921684,"5/3/2016",9454,7.67000007629395,3145,0,0,313,729,1042,0.0
4702921684,"5/4/2016",8161,6.61999988555908,3004,4,15,251,757,1027,7.0
4702921684,"5/5/2016",8614,6.98999977111816,3006,8,5,241,745,999,5.1
4702921684,"5/6/2016",6943,5.63000011444092,2859,1,16,207,682,906,7.6
4702921684,"5/7/2016",14370,11.6499996185303,3683,5,46,439,577,1067,10.4
4702921684,"5/8/2016",12857,10.4300003051758,3287,9,125,192,1019,1345,41.1
4702921684,"5/9/2016",8232,6.67999982833862,2990,0,12,253,746,1011,4.5
5553957443,"4/1/2016",12409,8.10000038146973,2142,51,12,235,782,1080,21.1
5553957443,"4/10/2016",5594,3.65000009536743,1712,4,25,150,552,731,16.2
5553957443,"4/11/2016",11906,7.76999998092651,2065,32,27,234,688,981,20.1
5553957443,"4/12/2016",11596,7.57000017166138,2026,19,13,277,767,1076,10.4
5553957443,"4/13/2016",4832,3.16000008583069,1718,0,0,226,647,873,0.0
5553957443,"4/14/2016",17022,11.1199998855591,2324,61,41,256,693,1051,28.5
5553957443,"4/15/2016",16556,10.8599996566772,2254,58,38,239,689,1024,28.7
5553957443,"4/16/2016",5771,3.76999998092651,1831,0,0,288,521,809,0.0
5553957443,"4/17/2016",655,0.430000007152557,1397,0,0,46,943,989,0.0
5553957443,"4/18/2016",3727,2.4300000667572,1683,0,0,206,622,828,0.0
5553957443,"4/19/2016",15482,10.1099996566772,2284,69,28,249,756,1102,28.0
5553957443,"4/2/2016",2937,1.91999995708466,1615,0,0,181,356,537,0.0
5553957443,"4/20/2016",2713,1.76999998092651,1570,0,0,148,598,746,0.0
5553957443,"4/21/2016",12346,8.0600004196167,2066,47,42,177,801,1067,33.5
5553957443,"4/22/2016",11682,7.63000011444092,2105,25,16,270,781,1092,13.2
5553957443,"4/23/2016",4112,2.69000005722046,1776,0,0,272,443,715,0.0
5553957443,"4/24/2016",1807,1.17999994754791,1507,0,0,104,582,686,0.0
5553957443,"4/25/2016",10946,7.19000005722046,2033,51,11,201,732,995,23.6
5553957443,"4/26/2016",11886,7.76000022888184,2093,40,18,238,750,1046,19.6
5553957443,"4/27/2016",10538,6.88000011444092,1922,16,16,206,745,983,13.4
5553957443,"4/28/2016",11393,7.63000011444092,1999,49,13,165,727,954,27.3
5553957443,"4/29/2016",12764,8.32999992370605,2169,46,15,270,709,1040,18.4
5553957443,"4/3/2016",1515,0.990000009536743,1481,0,0,93,507,600,0.0
5553957443,"4/30/2016",1202,0.779999971389771,1463,0,0,84,506,590,0.0
5553957443,"4/4/2016",8921,5.88000011444092,1892,27,8,198,754,987,15.0
5553957443,"4/5/2016",11306,7.38000011444092,2086,40,26,218,772,1056,23.2
5553957443,"4/6/2016",12252,8.0,2044,33,28,229,745,1035,21.0
5553957443,"4/7/2016",15444,10.0799999237061,2249,51,39,243,731,1064,27.0
5553957443,"4/8/2016",9938,6.48999977111816,2019,38,24,193,767,1022,24.3
5553957443,"4/9/2016",4599,3.0,1692,0,0,176,578,754,0.0
5553957443,"5/1/2016",5164,3.36999988555908,1747,0,0,237,436,673,0.0
5553957443,"5/10/2016",16358,10.710000038147,2335,61,40,265,707,1073,27.6
5553957443,"5/11/2016",4926,3.22000002861023,1693,0,0,195,628,823,0.0
5553957443,"5/2/2016",9769,6.38000011444092,1996,23,9,227,724,983,12.4
5553957443,"5/3/2016",12848,8.39000034332275,2116,26,29,247,812,1114,18.2
5553957443,"5/4/2016",4249,2.76999998092651,1698,0,0,224,651,875,0.0
5553957443,"5/5/2016",14331,9.51000022888184,2156,44,29,241,692,1006,23.2
5553957443,"5/6/2016",9632,6.28999996185303,1916,21,9,229,761,1020,11.6
5553957443,"5/7/2016",1868,1.22000002861023,1494,0,0,96,902,998,0.0
5553957443,"5/8/2016",6083,4.0,1762,3,8,210,505,726,5.0
5553957443,"5/9/2016",11611,7.57999992370605,2272,59,22,251,667,999,24.4
5577150313,"4/1/2016",10461,7.86999988555908,3625,99,31,142,721,993,47.8
5577150313,"4/10/2016",9776,7.38000011444092,3378,80,35,162,721,998,41.5
5577150313,"4/12/2016",8135,6.07999992370605,3405,86,16,140,728,970,42.1
5577150313,"4/13/2016",5077,3.78999996185303,2551,15,11,144,776,946,15.3
5577150313,"4/14/2016",8596,6.42000007629395,4022,118,30,176,662,986,45.7
5577150313,"4/15/2016",12087,9.07999992370605,4005,115,54,199,695,1063,45.9
5577150313,"4/16/2016",14269,10.6599998474121,4274,184,56,158,472,870,60.3
5577150313,"4/17/2016",12231,9.14000034332275,4552,200,37,159,525,921,59.8
5577150313,"4/18/2016",9893,7.3899998664856,3625,114,32,130,623,899,52.9
5577150313,"4/19/2016",12574,9.42000007629395,3501,108,23,111,733,975,54.1
5577150313,"4/2/2016",14873,11.1099996566772,4430,202,36,153,663,1054,60.9
5577150313,"4/20/2016",8330,6.21999979019165,3192,87,16,113,773,989,47.7
5577150313,"4/21/2016",10830,8.09000015258789,4018,110,74,175,670,1029,51.3
5577150313,"4/22/2016",9172,6.84999990463257,3329,62,30,200,823,1115,31.5
5577150313,"4/23/2016",7638,5.71000003814697,3152,24,24,223,627,898,17.7
5577150313,"4/24/2016",15764,11.7799997329712,4392,210,65,141,425,841,66.1
5577150313,"4/25/2016",6393,4.78000020980835,3374,61,38,214,743,1056,31.6
5577150313,"4/26/2016",5325,3.98000001907349,3088,38,32,181,759,1010,27.9
5577150313,"4/27/2016",6805,5.1399998664856,3294,63,16,190,773,1042,29.4
5577150313,"4/28/2016",9841,7.42999982833862,3580,99,51,141,692,983,51.5
5577150313,"4/29/2016",7924,5.92000007629395,3544,97,36,165,739,1037,44.6
5577150313,"4/3/2016",9917,7.40999984741211,3427,58,27,240,700,1025,26.2
5577150313,"4/30/2016",12363,9.23999977111816,4501,207,45,163,621,1036,60.7
5577150313,"4/4/2016",7401,5.55999994277954,3492,70,19,204,689,982,30.4
5577150313,"4/5/2016",8964,6.69999980926514,3597,107,18,145,756,1026,46.3
5577150313,"4/6/2016",11080,8.30000019073486,3765,83,52,190,695,1020,41.5
5577150313,"4/7/2016",4499,3.35999989509583,2775,31,11,146,756,944,22.3
5577150313,"4/8/2016",4363,3.25999999046326,2486,8,2,156,813,979,6.0
5577150313,"4/9/2016",10494,7.84000015258789,3817,123,62,138,601,924,57.3
5577150313,"5/1/2016",13368,9.98999977111816,4546,194,72,178,499,943,59.9
5577150313,"5/10/2016",8869,6.65000009536743,3841,104,37,194,639,974,42.1
5577150313,"5/2/2016",7439,5.55999994277954,3014,37,20,235,732,1024,19.5
5577150313,"5/3/2016",11045,8.25,3795,97,8,212,580,897,33.1
5577150313,"5/4/2016",5206,3.89000010490417,2755,25,9,141,631,806,19.4
5577150313,"5/5/2016",7550,5.6399998664856,3004,45,21,143,1153,1362,31.6
5577150313,"5/6/2016",4950,3.70000004768372,2643,41,16,79,1304,1440,41.9
5577150313,"5/7/2016",0,0.0,1819,0,0,0,1440,1440,
5577150313,"5/8/2016",0,0.0,1819,0,0,0,1440,1440,
5577150313,"5/9/2016",3421,2.55999994277954,2489,34,11,70,1099,1214,39.1
6117666160,"4/1/2016",7444,5.61999988555908,2210,0,0,286,568,854,0.0
6117666160,"4/12/2016",0,0.0,1496,0,0,0,1440,1440,
6117666160,"4/13/2016",0,0.0,1496,0,0,0,1440,1440,
6117666160,"4/14/2016",0,0.0,1496,0,0,0,1440,1440,
6117666160,"4/15/2016",14019,10.5900001525879,2865,0,6,513,921,1440,1.2
6117666160,"4/16/2016",14450,10.9099998474121,2828,7,15,518,502,1042,4.1
6117666160,"4/17/2016",7150,5.40000009536743,2225,0,0,312,702,1014,0.0
6117666160,"4/18/2016",5153,3.91000008583069,2018,0,0,241,759,1000,0.0
6117666160,"4/19/2016",11135,8.40999984741211,2606,0,0,480,425,905,0.0
6117666160,"4/2/2016",19658,14.8400001525879,2884,3,30,475,466,974,6.5
6117666160,"4/20/2016",10449,8.02000045776367,2536,26,10,349,587,972,9.4
6117666160,"4/21/2016",19542,15.0100002288818,4900,11,19,294,579,903,9.3
6117666160,"4/22/2016",8206,6.19999980926514,2409,0,0,402,413,815,0.0
6117666160,"4/23/2016",11495,8.68000030517578,2651,0,0,512,468,980,0.0
6117666160,"4/24/2016",7623,5.76000022888184,2305,0,0,362,711,1073,0.0
6117666160,"4/25/2016",0,0.0,1497,0,0,0,1440,1440,
6117666160,"4/26/2016",9543,7.21000003814697,2450,0,7,352,1077,1436,1.9
6117666160,"4/27/2016",9411,7.1100001335144,2576,0,0,458,417,875,0.0
6117666160,"4/28/2016",3403,2.59999990463257,1879,0,0,141,758,899,0.0
6117666160,"4/29/2016",9592,7.23999977111816,2560,0,0,461,479,940,0.0
6117666160,"4/3/2016",0,0.0,1496,0,0,0,1440,1440,
6117666160,"4/30/2016",6987,5.28000020980835,2275,0,0,343,1040,1383,0.0
6117666160,"4/4/2016",8468,6.3899998664856,2262,2,11,279,1148,1440,4.5
6117666160,"4/5/2016",9910,7.48000001907349,2445,0,0,384,990,1374,0.0
6117666160,"4/6/2016",12409,9.36999988555908,2694,0,0,491,388,879,0.0
6117666160,"4/7/2016",4853,3.66000008583069,1903,0,0,156,770,926,0.0
6117666160,"4/8/2016",8955,6.76000022888184,2482,0,0,422,1018,1440,0.0
6117666160,"4/9/2016",10789,8.14999961853027,2617,0,0,506,413,919,0.0
6117666160,"5/1/2016",8915,6.73000001907349,2361,0,0,397,525,922,0.0
6117666160,"5/2/2016",4933,3.73000001907349,2044,0,0,236,1204,1440,0.0
6117666160,"5/3/2016",0,0.0,1496,0,0,0,1440,1440,
6117666160,"5/4/2016",2997,2.25999999046326,1902,0,0,156,1279,1435,0.0
6117666160,"5/5/2016",9799,7.40000009536743,2636,0,0,487,479,966,0.0
6117666160,"5/6/2016",3365,2.6800000667572,1838,0,0,133,673,806,0.0
6117666160,"5/7/2016",7336,5.53999996185303,2469,0,0,412,456,868,0.0
6117666160,"5/8/2016",7328,5.53000020980835,2250,0,0,318,517,835,0.0
6290855005,"4/1/2016",6633,5.01000022888184,2778,0,0,280,1160,1440,0.0
6290855005,"4/10/2016",0,0.0,735,20,0,0,494,514,100.0
6290855005,"4/12/2016",4562,3.45000004768372,2560,0,0,199,1241,1440,0.0
6290855005,"4/13/2016",7142,5.40000009536743,2905,0,0,350,1090,1440,0.0
6290855005,"4/14/2016",7671,5.80000019073486,2952,0,0,363,1077,1440,0.0
6290855005,"4/15/2016",9501,7.17999982833862,2896,0,0,328,1112,1440,0.0
6290855005,"4/16/2016",8301,6.28000020980835,2783,0,0,258,1182,1440,0.0
6290855005,"4/17/2016",7851,5.94000005722046,3171,31,12,225,1172,1440,16.0
6290855005,"4/18/2016",6885,5.21000003814697,2766,0,0,271,1169,1440,0.0
6290855005,"4/19/2016",7142,5.40000009536743,2839,0,0,321,1119,1440,0.0
6290855005,"4/2/2016",9548,7.21999979019165,3119,25,107,113,1195,1440,53.9
6290855005,"4/20/2016",6361,4.80999994277954,2701,0,0,258,1182,1440,0.0
6290855005,"4/21/2016",0,0.0,2060,0,0,0,1440,1440,
6290855005,"4/22/2016",6238,4.71999979019165,2796,0,0,302,1138,1440,0.0
6290855005,"4/23/2016",0,0.0,2664,33,0,0,1407,1440,100.0
6290855005,"4/24/2016",5896,4.46000003814697,2703,0,0,258,1182,1440,0.0
6290855005,"4/25/2016",7802,5.90000009536743,2771,8,3,249,1180,1440,4.2
6290855005,"4/26/2016",0,0.0,2060,0,0,0,1440,1440,
6290855005,"4/27/2016",5565,4.21000003814697,2743,0,0,287,1153,1440,0.0
6290855005,"4/28/2016",5731,4.32999992370605,2687,0,0,255,1185,1440,0.0
6290855005,"4/29/2016",0,0.0,2060,0,0,0,1440,1440,
6290855005,"4/3/2016",0,0.0,2664,33,0,0,1407,1440,100.0
6290855005,"4/30/2016",6744,5.09999990463257,2843,0,0,324,1116,1440,0.0
6290855005,"4/4/2016",0,0.0,2060,0,0,0,1440,1440,
6290855005,"4/5/2016",0,0.0,2060,0,0,0,1440,1440,
6290855005,"4/6/2016",0,0.0,2060,0,0,0,1440,1440,
6290855005,"4/7/2016",0,0.0,2060,0,0,0,1440,1440,
6290855005,"4/8/2016",0,0.0,2060,0,0,0,1440,1440,
6290855005,"4/9/2016",0,0.0,2060,0,0,0,1440,1440,
6290855005,"5/1/2016",9837,7.44000005722046,3327,8,95,282,1055,1440,26.8
6290855005,"5/2/2016",6781,5.13000011444092,2725,0,0,268,1172,1440,0.0
6290855005,"5/3/2016",6047,4.57000017166138,2671,0,0,240,1200,1440,0.0
6290855005,"5/4/2016",5832,4.40999984741211,2718,0,0,272,1168,1440,0.0
6290855005,"5/5/2016",6339,4.78999996185303,2682,0,0,239,1201,1440,0.0
6290855005,"5/6/2016",6116,4.61999988555908,2806,0,0,305,1135,1440,0.0
6290855005,"5/7/2016",5510,4.17000007629395,2613,0,0,227,1213,1440,0.0
6290855005,"5/8/2016",7706,5.82999992370605,2712,0,0,251,1189,1440,0.0
6290855005,"5/9/2016",6277,4.75,2175,0,0,264,800,1064,0.0
6391747486,"4/1/2016",0,0.0,1820,0,0,0,1440,1440,
6391747486,"4/2/2016",2101,2.02999997138977,2224,46,0,0,1394,1440,100.0
6391747486,"4/3/2016",0,0.0,1820,0,0,0,1440,1440,
6391747486,"4/4/2016",0,0.0,1820,0,0,0,1440,1440,
6391747486,"4/5/2016",9766,7.51000022888184,2442,0,6,301,1133,1440,2.0
6391747486,"4/6/2016",165,0.129999995231628,1849,0,0,8,1432,1440,0.0
6391747486,"4/7/2016",0,0.0,1822,0,0,0,1440,1440,
6391747486,"4/8/2016",0,0.0,1820,0,0,0,1440,1440,
6775888955,"4/1/2016",7225,5.17999982833862,3065,25,50,163,1189,1427,31.5
6775888955,"4/12/2016",0,0.0,1841,0,0,0,1440,1440,
6775888955,"4/13/2016",4053,2.91000008583069,2400,17,18,85,1053,1173,29.2
6775888955,"4/14/2016",5162,3.70000004768372,2507,14,24,105,863,1006,26.6
6775888955,"4/15/2016",1282,0.920000016689301,2127,0,0,58,976,1034,0.0
6775888955,"4/16/2016",4732,3.39000010490417,2225,36,18,9,1377,1440,85.7
6775888955,"4/17/2016",2497,1.78999996185303,2067,5,24,19,1392,1440,60.4
6775888955,"4/18/2016",8294,5.94999980926514,2798,30,31,146,1233,1440,29.5
6775888955,"4/19/2016",0,0.0,1841,0,0,0,1440,1440,
6775888955,"4/2/2016",1988,1.42999994754791,2207,0,0,79,909,988,0.0
6775888955,"4/20/2016",10771,7.71999979019165,3727,70,113,178,1079,1440,50.7
6775888955,"4/21/2016",0,0.0,1841,0,0,0,1440,1440,
6775888955,"4/22/2016",637,0.46000000834465,1922,0,0,20,1420,1440,0.0
6775888955,"4/23/2016",0,0.0,1841,0,0,0,1440,1440,
6775888955,"4/24/2016",2153,1.53999996185303,2053,11,18,11,1400,1440,72.5
6775888955,"4/25/2016",6474,4.6399998664856,2484,33,13,92,1302,1440,33.3
6775888955,"4/26/2016",7091,5.26999998092651,2584,42,30,47,1321,1440,60.5
6775888955,"4/27/2016",0,0.0,1841,0,0,0,1440,1440,
6775888955,"4/28/2016",703,0.5,1993,2,13,15,1410,1440,50.0
6775888955,"4/29/2016",0,0.0,1841,0,0,0,1440,1440,
6775888955,"4/3/2016",1577,1.12999999523163,1977,1,17,8,1414,1440,69.2
6775888955,"4/30/2016",2503,1.78999996185303,2280,3,9,84,1344,1440,12.5
6775888955,"4/4/2016",0,0.0,1841,0,0,0,1440,1440,
6775888955,"4/5/2016",9348,6.69999980926514,4286,56,133,240,1011,1440,44.1
6775888955,"4/6/2016",11761,8.43000030517578,3920,24,99,300,550,973,29.1
6775888955,"4/7/2016",13987,10.0299997329712,3856,46,114,250,739,1149,39.0
6775888955,"4/8/2016",4131,2.96000003814697,2584,27,30,75,1308,1440,43.2
6775888955,"4/9/2016",14,0.00999999977648258,787,0,0,1,601,602,0.0
6775888955,"5/1/2016",2487,1.77999997138977,2319,9,34,50,1347,1440,46.2
6775888955,"5/2/2016",0,0.0,1841,0,0,0,1440,1440,
6775888955,"5/3/2016",9,0.00999999977648258,1843,0,0,1,1439,1440,0.0
6775888955,"5/4/2016",0,0.0,1841,0,0,0,1440,1440,
6775888955,"5/5/2016",0,0.0,1841,0,0,0,1440,1440,
6775888955,"5/6/2016",4697,3.36999988555908,2496,12,35,75,1318,1440,38.5
6775888955,"5/7/2016",1967,1.4099999666214,1032,2,5,49,551,607,12.5
6962181067,"3/30/2016",15491,10.2399997711182,2244,18,77,272,641,1008,25.9
6962181067,"3/31/2016",14097,9.31999969482422,2188,50,32,234,595,911,25.9
6962181067,"4/1/2016",10467,6.98000001907349,2014,9,45,252,602,908,17.6
6962181067,"4/10/2016",10148,6.71000003814697,2100,19,7,306,679,1011,7.8
6962181067,"4/11/2016",12362,9.09000015258789,2188,21,38,297,678,1034,16.6
6962181067,"4/12/2016",10199,6.73999977111816,1994,50,14,189,796,1049,25.3
6962181067,"4/13/2016",5652,3.74000000953674,1718,8,24,142,548,722,18.4
6962181067,"4/14/2016",1551,1.02999997138977,1466,0,0,86,862,948,0.0
6962181067,"4/15/2016",5563,3.6800000667572,1756,0,0,217,837,1054,0.0
6962181067,"4/16/2016",13217,8.73999977111816,2173,50,3,280,741,1074,15.9
6962181067,"4/17/2016",10145,6.71000003814697,2027,5,13,295,634,947,5.8
6962181067,"4/18/2016",11404,7.53999996185303,2039,13,42,238,689,982,18.8
6962181067,"4/19/2016",10742,7.09999990463257,2046,35,41,195,659,930,28.0
6962181067,"4/2/2016",12437,8.30000019073486,2115,50,24,219,732,1025,25.3
6962181067,"4/20/2016",13928,9.55000019073486,2174,48,4,297,639,988,14.9
6962181067,"4/21/2016",11835,9.71000003814697,2179,53,27,214,708,1002,27.2
6962181067,"4/22/2016",10725,7.09000015258789,2086,30,33,240,659,962,20.8
6962181067,"4/23/2016",20031,13.2399997711182,2571,58,41,347,484,930,22.2
6962181067,"4/24/2016",5029,3.3199999332428,1705,0,0,199,720,919,0.0
6962181067,"4/25/2016",13239,9.27000045776367,2194,35,31,282,637,985,19.0
6962181067,"4/26/2016",10433,6.90000009536743,2012,36,7,254,680,977,14.5
6962181067,"4/27/2016",10320,6.82000017166138,2034,7,38,279,697,1021,13.9
6962181067,"4/28/2016",12627,8.35000038146973,2182,38,8,288,621,955,13.8
6962181067,"4/29/2016",10762,7.1100001335144,2254,12,15,369,645,1041,6.8
6962181067,"4/3/2016",12307,8.14000034332275,2055,14,51,218,589,872,23.0
6962181067,"4/30/2016",10081,6.65999984741211,2002,32,16,237,731,1016,16.8
6962181067,"4/4/2016",18952,12.8000001907349,2437,73,20,327,570,990,22.1
6962181067,"4/5/2016",12010,7.94000005722046,2158,38,17,287,692,1034,16.1
6962181067,"4/6/2016",12480,8.85999965667725,2170,55,14,276,593,938,20.0
6962181067,"4/7/2016",13417,9.64999961853027,2244,45,16,284,665,1010,17.7
6962181067,"4/8/2016",14400,10.8800001144409,2188,27,37,276,697,1037,18.8
6962181067,"4/9/2016",12495,8.26000022888184,2231,33,19,324,609,985,13.8
6962181067,"5/1/2016",5454,3.60999989509583,1740,0,0,215,722,937,0.0
6962181067,"5/10/2016",15448,10.210000038147,2361,62,34,275,626,997,25.9
6962181067,"5/11/2016",6722,4.44000005722046,1855,24,7,199,709,939,13.5
6962181067,"5/2/2016",12912,8.53999996185303,2162,18,39,313,655,1025,15.4
6962181067,"5/3/2016",12109,8.11999988555908,2072,21,36,267,654,978,17.6
6962181067,"5/4/2016",10147,6.71000003814697,2086,15,36,284,683,1018,15.2
6962181067,"5/5/2016",10524,6.96000003814697,2066,14,22,305,591,932,10.6
6962181067,"5/6/2016",5908,3.91000008583069,1850,0,0,299,717,1016,0.0
6962181067,"5/7/2016",6815,4.5,1947,0,0,328,745,1073,0.0
6962181067,"5/8/2016",4188,2.76999998092651,1659,0,14,151,709,874,8.5
6962181067,"5/9/2016",12342,8.72000026702881,2105,43,21,231,607,902,21.7
7007744171,"4/1/2016",11680,9.0600004196167,2573,50,7,244,1139,1440,18.9
7007744171,"4/10/2016",10146,6.78999996185303,2700,1,12,397,1030,1440,3.2
7007744171,"4/11/2016",12168,8.14000034332275,2871,18,27,375,1020,1440,10.7
7007744171,"4/12/2016",14172,10.289999961853,2937,53,8,355,1024,1440,14.7
7007744171,"4/13/2016",12862,9.64999961853027,2742,56,22,261,1101,1440,23.0
7007744171,"4/14/2016",11179,8.23999977111816,2668,34,6,304,1096,1440,11.6
7007744171,"4/15/2016",5273,3.52999997138977,2098,0,0,202,1238,1440,0.0
7007744171,"4/16/2016",4631,3.09999990463257,2076,0,0,203,1155,1358,0.0
7007744171,"4/17/2016",8059,5.3899998664856,2383,0,0,305,1135,1440,0.0
7007744171,"4/18/2016",14816,10.9799995422363,2832,48,31,284,1077,1440,21.8
7007744171,"4/19/2016",14194,10.4799995422363,2812,53,17,304,1066,1440,18.7
7007744171,"4/2/2016",10976,7.34000015258789,2575,9,16,271,1075,1371,8.4
7007744171,"4/20/2016",15566,11.3100004196167,3096,60,33,347,1000,1440,21.1
7007744171,"4/21/2016",13744,9.1899995803833,2763,30,34,327,1049,1440,16.4
7007744171,"4/22/2016",15299,10.2399997711182,2889,64,50,261,1065,1440,30.4
7007744171,"4/23/2016",8093,5.40999984741211,2284,2,25,223,1190,1440,10.8
7007744171,"4/24/2016",11085,7.42000007629395,2667,0,0,419,1021,1440,0.0
7007744171,"4/25/2016",18229,13.3400001525879,3055,51,24,379,986,1440,16.5
7007744171,"4/26/2016",15090,10.1000003814697,2939,16,22,424,978,1440,8.2
7007744171,"4/27/2016",13541,10.2200002670288,2830,50,12,337,1041,1440,15.5
7007744171,"4/28/2016",15128,10.1199998855591,2836,16,16,401,1007,1440,7.4
7007744171,"4/29/2016",20067,14.3000001907349,3180,55,42,382,961,1440,20.3
7007744171,"4/3/2016",16806,11.2399997711182,3086,104,31,230,1002,1367,37.0
7007744171,"4/30/2016",3761,2.51999998092651,2051,0,0,200,1240,1440,0.0
7007744171,"4/4/2016",15266,11.3999996185303,2886,70,21,292,1057,1440,23.8
7007744171,"4/5/2016",12084,9.14000034332275,2676,50,6,284,1030,1370,16.5
7007744171,"4/6/2016",13513,10.25,2811,64,8,270,1098,1440,21.1
7007744171,"4/7/2016",14100,10.5799999237061,2840,61,33,265,1015,1374,26.2
7007744171,"4/8/2016",12627,9.64999961853027,2871,54,22,301,1063,1440,20.2
7007744171,"4/9/2016",10345,6.92000007629395,2613,2,6,358,1074,1440,2.2
7007744171,"5/1/2016",5600,3.75,2225,0,0,237,1142,1379,0.0
7007744171,"5/2/2016",13041,9.18000030517578,2642,64,14,250,1112,1440,23.8
7007744171,"5/3/2016",14510,10.8699998855591,2976,58,31,330,1021,1440,21.2
7007744171,"5/4/2016",0,0.0,1557,0,0,0,1440,1440,
7007744171,"5/5/2016",15010,11.1000003814697,2933,53,23,317,1047,1440,19.3
7007744171,"5/6/2016",11459,7.67000007629395,2553,44,13,247,1136,1440,18.8
7086361926,"4/1/2016",11463,7.67000007629395,2496,38,30,154,777,999,30.6
7086361926,"4/10/2016",569,0.349999994039536,1799,0,0,27,1368,1395,0.0
7086361926,"4/11/2016",6242,3.92000007629395,2543,46,22,126,741,935,35.1
7086361926,"4/12/2016",11317,8.40999984741211,2772,59,6,153,745,963,29.8
7086361926,"4/13/2016",5813,3.61999988555908,2516,31,26,155,744,956,26.9
7086361926,"4/14/2016",9123,6.11999988555908,2734,35,32,189,787,1043,26.2
7086361926,"4/15/2016",8585,5.67000007629395,2395,30,21,139,864,1054,26.8
7086361926,"4/16/2016",31,0.00999999977648258,1635,0,0,3,1437,1440,0.0
7086361926,"4/17/2016",0,0.0,1629,0,0,0,1440,1440,
7086361926,"4/18/2016",9827,6.71000003814697,2743,61,51,114,1136,1362,49.6
7086361926,"4/19/2016",10688,7.28999996185303,2944,67,69,124,671,931,52.3
7086361926,"4/2/2016",87,0.0199999995529652,1641,0,0,2,872,874,0.0
7086361926,"4/20/2016",14365,10.6400003433228,2997,87,13,145,797,1042,40.8
7086361926,"4/21/2016",9469,6.17999982833862,2463,19,6,206,758,989,10.8
7086361926,"4/22/2016",9753,6.53000020980835,2846,58,59,153,762,1032,43.3
7086361926,"4/23/2016",2817,1.80999994277954,1965,0,0,90,1350,1440,0.0
7086361926,"4/24/2016",3520,2.16000008583069,2049,0,0,125,566,691,0.0
7086361926,"4/25/2016",10091,6.82000017166138,2752,69,39,129,706,943,45.6
7086361926,"4/26/2016",10387,7.07000017166138,2781,70,33,132,726,961,43.8
7086361926,"4/27/2016",11107,8.34000015258789,2693,55,6,145,829,1035,29.6
7086361926,"4/28/2016",11584,7.80000019073486,2862,54,48,161,810,1073,38.8
7086361926,"4/29/2016",7881,4.94999980926514,2616,24,36,182,1198,1440,24.8
7086361926,"4/3/2016",1949,1.30999994277954,1794,3,6,27,1404,1440,25.0
7086361926,"4/30/2016",14560,9.40999984741211,2995,42,17,308,584,951,16.1
7086361926,"4/4/2016",6101,3.86999988555908,2421,31,24,138,1247,1440,28.5
7086361926,"4/5/2016",7478,4.98999977111816,2439,25,33,132,1159,1349,30.5
7086361926,"4/6/2016",7352,4.73000001907349,2233,19,14,124,814,971,21.0
7086361926,"4/7/2016",14604,10.8199996948242,2862,76,30,127,695,928,45.5
7086361926,"4/8/2016",9634,6.51999998092651,2752,50,48,140,797,1035,41.2
7086361926,"4/9/2016",7338,4.67000007629395,2519,27,5,204,717,953,13.6
7086361926,"5/1/2016",12390,8.06999969482422,2730,30,15,258,685,988,14.9
7086361926,"5/10/2016",14433,10.789999961853,2800,72,23,106,1182,1383,47.3
7086361926,"5/11/2016",9572,6.51999998092651,2735,57,40,128,757,982,43.1
7086361926,"5/2/2016",10052,6.80999994277954,2754,66,26,139,737,968,39.8
7086361926,"5/3/2016",10288,6.76000022888184,2754,57,36,152,761,1006,38.0
7086361926,"5/4/2016",10988,8.3100004196167,2655,45,12,135,843,1035,29.7
7086361926,"5/5/2016",8564,5.59999990463257,2386,24,14,149,1253,1440,20.3
7086361926,"5/6/2016",12461,8.38000011444092,2924,84,35,154,834,1107,43.6
7086361926,"5/7/2016",12827,8.47999954223633,2739,20,42,209,621,892,22.9
7086361926,"5/8/2016",10677,7.09999990463257,2534,32,27,147,695,901,28.6
7086361926,"5/9/2016",13566,9.10999965667725,2960,67,50,171,743,1031,40.6
8053475328,"4/10/2016",10118,7.73000001907349,2684,30,18,207,1185,1440,18.8
8053475328,"4/11/2016",16064,12.7200002670288,3097,96,8,155,1181,1440,40.2
8053475328,"4/12/2016",18060,14.1199998855591,3186,116,8,123,1193,1440,50.2
8053475328,"4/13/2016",16433,13.3500003814697,3140,95,12,156,1177,1440,40.7
8053475328,"4/14/2016",20159,15.9700002670288,3411,119,5,193,1123,1440,39.1
8053475328,"4/15/2016",20669,16.2399997711182,3410,132,8,158,1142,1440,47.0
8053475328,"4/16/2016",14549,11.1099996566772,2867,96,6,83,1255,1440,55.1
8053475328,"4/17/2016",18827,13.6899995803833,3213,111,21,195,1113,1440,40.4
8053475328,"4/18/2016",17076,12.6599998474121,3133,102,6,195,1137,1440,35.6
8053475328,"4/19/2016",15929,12.4799995422363,3114,90,7,191,1152,1440,33.7
8053475328,"4/2/2016",20188,15.6199998855591,3377,124,19,172,1125,1440,45.4
8053475328,"4/20/2016",15108,12.1899995803833,3043,89,5,158,695,947,37.3
8053475328,"4/21/2016",16057,12.5100002288818,3103,100,6,170,1164,1440,38.4
8053475328,"4/22/2016",10520,8.28999996185303,2655,60,3,117,1260,1440,35.0
8053475328,"4/23/2016",22359,17.1900005340576,3554,125,14,223,741,1103,38.4
8053475328,"4/24/2016",22988,17.9500007629395,3577,129,33,182,1096,1440,47.1
8053475328,"4/25/2016",20500,15.6899995803833,3403,118,9,209,1104,1440,37.8
8053475328,"4/26/2016",12685,9.61999988555908,2846,68,5,185,1182,1440,28.3
8053475328,"4/27/2016",12422,9.81999969482422,2852,60,10,183,1187,1440,27.7
8053475328,"4/28/2016",15447,12.3999996185303,3062,90,9,153,1188,1440,39.3
8053475328,"4/29/2016",12315,9.64999961853027,2794,58,8,159,1215,1440,29.3
8053475328,"4/3/2016",25701,20.1399993896484,3697,165,36,97,1142,1440,67.4
8053475328,"4/30/2016",7135,5.59000015258789,2408,27,1,131,1281,1440,17.6
8053475328,"4/4/2016",17395,13.210000038147,3209,100,4,213,1123,1440,32.8
8053475328,"4/5/2016",17167,13.4099998474121,3167,98,8,184,1150,1440,36.6
8053475328,"4/6/2016",16435,12.4200000762939,3122,100,14,191,1135,1440,37.4
8053475328,"4/7/2016",17078,13.1999998092651,3176,101,6,190,1143,1440,36.0
8053475328,"4/8/2016",11693,9.53999996185303,2790,60,6,153,1221,1440,30.1
8053475328,"4/9/2016",11159,9.14000034332275,2715,59,6,120,1255,1440,35.1
8053475328,"5/1/2016",1170,0.850000023841858,1886,0,0,51,1389,1440,0.0
8053475328,"5/10/2016",14810,11.3599996566772,2926,96,10,115,1219,1440,48.0
8053475328,"5/11/2016",12209,9.39999961853027,2809,60,7,184,1189,1440,26.7
8053475328,"5/12/2016",4998,3.91000008583069,1505,28,4,39,839,910,45.1
8053475328,"5/2/2016",1969,1.42999994754791,1988,0,0,95,1345,1440,0.0
8053475328,"5/3/2016",15484,11.8999996185303,3023,87,22,165,1166,1440,39.8
8053475328,"5/4/2016",14581,11.1499996185303,2918,89,8,123,1220,1440,44.1
8053475328,"5/5/2016",14990,11.5100002288818,2950,93,9,130,1208,1440,44.0
8053475328,"5/6/2016",13953,11.0,2859,90,15,90,1245,1440,53.8
8053475328,"5/7/2016",19769,15.6700000762939,3331,121,20,148,1076,1365,48.8
8053475328,"5/8/2016",22026,17.6499996185303,3589,125,14,228,1073,1440,37.9
8053475328,"5/9/2016",12465,9.38000011444092,2765,66,12,148,1214,1440,34.5
8253242879,"4/1/2016",0,0.0,1429,0,0,0,1440,1440,
8253242879,"4/10/2016",2545,1.67999994754791,1657,0,0,126,1314,1440,0.0
8253242879,"4/11/2016",1636,1.08000004291534,1377,0,0,86,1139,1225,0.0
8253242879,"4/12/2016",9033,7.15999984741211,2044,40,2,154,1244,1440,21.4
8253242879,"4/13/2016",8053,6.09999990463257,1935,35,11,96,1298,1440,32.4
8253242879,"4/14/2016",5234,3.46000003814697,1705,29,16,33,1362,1440,57.7
8253242879,"4/15/2016",2672,1.76999998092651,1632,0,0,105,1335,1440,0.0
8253242879,"4/16/2016",9256,6.1399998664856,1880,6,51,115,1268,1440,33.1
8253242879,"4/17/2016",10204,7.90999984741211,2112,41,5,157,1237,1440,22.7
8253242879,"4/18/2016",5151,3.48000001907349,1829,16,16,130,1278,1440,19.8
8253242879,"4/19/2016",4212,2.77999997138977,1763,0,0,164,1276,1440,0.0
8253242879,"4/2/2016",0,0.0,1429,0,0,0,1440,1440,
8253242879,"4/20/2016",6466,4.26999998092651,1931,5,18,216,1201,1440,9.6
8253242879,"4/21/2016",11268,8.5600004196167,2218,49,20,172,1199,1440,28.6
8253242879,"4/22/2016",2824,1.87000000476837,1651,0,0,120,1320,1440,0.0
8253242879,"4/23/2016",9282,6.26000022888184,2132,30,26,191,1193,1440,22.7
8253242879,"4/24/2016",8905,7.13000011444092,1976,41,4,82,1313,1440,35.4
8253242879,"4/25/2016",6829,4.51000022888184,1909,7,54,118,1261,1440,34.1
8253242879,"4/26/2016",4562,3.03999996185303,1813,19,14,108,1299,1440,23.4
8253242879,"4/27/2016",10232,8.18000030517578,2008,45,5,104,1286,1440,32.5
8253242879,"4/28/2016",2718,1.79999995231628,1580,11,16,20,1393,1440,57.4
8253242879,"4/29/2016",6260,4.26000022888184,1854,16,14,136,1257,1423,18.1
8253242879,"4/3/2016",0,0.0,1429,0,0,0,1440,1440,
8253242879,"4/4/2016",0,0.0,1429,0,0,0,1440,1440,
8253242879,"4/5/2016",0,0.0,1429,0,0,0,1440,1440,
8253242879,"4/6/2016",1931,1.27999997138977,1607,0,0,94,1346,1440,0.0
8253242879,"4/7/2016",5181,3.42000007629395,1776,15,15,107,1303,1440,21.9
8253242879,"4/8/2016",12026,9.14999961853027,2162,47,13,150,1230,1440,28.6
8253242879,"4/9/2016",5360,3.53999996185303,1832,8,28,148,1256,1440,19.6
8378563200,"4/1/2016",14179,11.2399997711182,3669,73,21,195,719,1008,32.5
8378563200,"4/10/2016",2631,2.08999991416931,2624,0,0,117,727,844,0.0
8378563200,"4/11/2016",8837,7.01000022888184,3775,74,17,182,811,1084,33.3
8378563200,"4/12/2016",7626,6.05000019073486,3635,65,15,156,723,959,33.9
8378563200,"4/13/2016",12386,9.81999969482422,4079,116,14,169,680,979,43.5
8378563200,"4/14/2016",13318,10.5600004196167,4163,123,21,174,699,1017,45.3
8378563200,"4/15/2016",14461,11.4700002670288,3666,60,23,190,729,1002,30.4
8378563200,"4/16/2016",11207,8.89000034332275,3363,64,21,142,563,790,37.4
8378563200,"4/17/2016",2132,1.69000005722046,2572,0,0,93,599,692,0.0
8378563200,"4/18/2016",13630,10.8100004196167,4157,117,10,174,720,1021,42.2
8378563200,"4/19/2016",13070,10.3599996566772,4092,120,19,154,737,1030,47.4
8378563200,"4/2/2016",3358,2.66000008583069,2702,0,0,144,657,801,0.0
8378563200,"4/20/2016",9388,7.44000005722046,3787,82,8,169,763,1022,34.7
8378563200,"4/21/2016",15148,12.0100002288818,4236,137,16,145,677,975,51.3
8378563200,"4/22/2016",12200,9.67000007629395,4044,113,12,159,769,1053,44.0
8378563200,"4/23/2016",5709,4.53000020980835,2908,19,10,136,740,905,17.6
8378563200,"4/24/2016",3703,2.94000005722046,2741,0,0,135,734,869,0.0
8378563200,"4/25/2016",12405,9.84000015258789,4005,117,16,141,692,966,48.5
8378563200,"4/26/2016",16208,12.8500003814697,3763,90,18,161,593,862,40.1
8378563200,"4/27/2016",7359,5.84000015258789,3061,4,4,192,676,876,4.0
8378563200,"4/28/2016",5417,4.30000019073486,2884,11,10,139,711,871,13.1
8378563200,"4/29/2016",6175,4.90000009536743,2982,3,7,172,767,949,5.5
8378563200,"4/3/2016",9152,7.26000022888184,3304,25,13,243,600,881,13.5
8378563200,"4/30/2016",2946,2.33999991416931,2660,0,0,121,780,901,0.0
8378563200,"4/4/2016",13935,11.0500001907349,4234,105,16,220,658,999,35.5
8378563200,"4/5/2016",12846,10.1899995803833,4128,113,15,189,686,1003,40.4
8378563200,"4/6/2016",9124,7.23999977111816,3798,55,6,230,728,1019,21.0
8378563200,"4/7/2016",9725,7.71000003814697,3839,83,11,181,670,945,34.2
8378563200,"4/8/2016",8350,6.61999988555908,3713,72,10,167,868,1117,32.9
8378563200,"4/9/2016",2240,1.77999997138977,2606,0,0,110,843,953,0.0
8378563200,"5/1/2016",11419,9.0600004196167,3369,71,10,127,669,877,38.9
8378563200,"5/10/2016",6582,5.21999979019165,3586,63,13,152,840,1068,33.3
8378563200,"5/11/2016",9143,7.25,3788,72,10,184,763,1029,30.8
8378563200,"5/12/2016",4561,3.61999988555908,1976,8,6,102,433,549,12.1
8378563200,"5/2/2016",6064,4.80999994277954,3491,63,4,142,802,1011,32.1
8378563200,"5/3/2016",8712,6.90999984741211,3784,71,20,195,822,1108,31.8
8378563200,"5/4/2016",7875,6.23999977111816,3110,19,10,167,680,876,14.8
8378563200,"5/5/2016",8567,6.78999996185303,3783,66,3,214,764,1047,24.4
8378563200,"5/6/2016",7045,5.59000015258789,3644,74,5,166,831,1076,32.2
8378563200,"5/7/2016",4468,3.53999996185303,2799,0,0,158,851,1009,0.0
8378563200,"5/8/2016",2943,2.32999992370605,2685,0,0,139,621,760,0.0
8378563200,"5/9/2016",8382,6.65000009536743,3721,71,13,171,772,1027,32.9
8583815059,"4/1/2016",2174,1.70000004768372,2360,0,0,112,1328,1440,0.0
8583815059,"4/12/2016",5014,3.91000008583069,2650,0,7,196,1237,1440,3.4
8583815059,"4/13/2016",5571,4.34999990463257,2654,2,23,163,1252,1440,13.3
8583815059,"4/14/2016",3135,2.45000004768372,2443,0,0,134,1306,1440,0.0
8583815059,"4/15/2016",3430,2.6800000667572,2505,0,0,65,1375,1440,0.0
8583815059,"4/16/2016",5319,4.15000009536743,2693,0,0,0,1440,1440,
8583815059,"4/17/2016",3008,2.34999990463257,2439,0,0,0,1440,1440,
8583815059,"4/18/2016",3864,3.00999999046326,2536,4,22,105,1309,1440,19.8
8583815059,"4/19/2016",5697,4.44000005722046,2668,7,10,166,1257,1440,9.3
8583815059,"4/2/2016",3494,2.73000001907349,2517,0,0,166,1274,1440,0.0
8583815059,"4/20/2016",5273,4.1100001335144,2647,0,27,167,1246,1440,13.9
8583815059,"4/21/2016",8538,6.65999984741211,2883,35,18,158,1229,1440,25.1
8583815059,"4/22/2016",8687,6.78000020980835,2944,4,54,212,1170,1440,21.5
8583815059,"4/23/2016",9423,7.34999990463257,3012,7,44,238,1151,1440,17.6
8583815059,"4/24/2016",8286,6.46000003814697,2889,2,44,206,1188,1440,18.3
8583815059,"4/25/2016",4503,3.50999999046326,2547,18,6,122,1294,1440,16.4
8583815059,"4/26/2016",10499,8.1899995803833,3093,1,91,214,1134,1440,30.1
8583815059,"4/27/2016",12474,9.72999954223633,3142,77,5,129,1229,1440,38.9
8583815059,"4/28/2016",6174,4.82000017166138,2757,0,28,203,1209,1440,12.1
8583815059,"4/29/2016",15168,11.8299999237061,3513,46,67,258,1069,1440,30.5
8583815059,"4/3/2016",2380,1.86000001430511,2400,0,0,131,1309,1440,0.0
8583815059,"4/30/2016",10085,7.86999988555908,3164,2,28,317,1093,1440,8.6
8583815059,"4/4/2016",3159,2.46000003814697,2462,0,0,147,1293,1440,0.0
8583815059,"4/5/2016",6835,5.32999992370605,2786,5,15,212,1208,1440,8.6
8583815059,"4/6/2016",2098,1.63999998569489,2354,0,0,112,1328,1440,0.0
8583815059,"4/7/2016",2816,2.20000004768372,2437,0,0,138,1302,1440,0.0
8583815059,"4/8/2016",1408,1.10000002384186,1814,0,0,79,1052,1131,0.0
8583815059,"5/1/2016",4512,3.51999998092651,2596,10,2,117,1311,1440,9.3
8583815059,"5/10/2016",8240,6.42999982833862,2846,9,43,162,1226,1440,24.3
8583815059,"5/11/2016",8701,6.78999996185303,2804,5,71,177,1106,1359,30.0
8583815059,"5/2/2016",8469,6.6100001335144,2894,0,0,0,1440,1440,
8583815059,"5/3/2016",12015,9.36999988555908,3212,0,0,0,1440,1440,
8583815059,"5/4/2016",3588,2.79999995231628,2516,0,0,0,1440,1440,
8583815059,"5/5/2016",12427,9.6899995803833,3266,0,0,70,1370,1440,0.0
8583815059,"5/6/2016",5843,4.55999994277954,2683,2,22,166,1250,1440,12.6
8583815059,"5/7/2016",6117,4.76999998092651,2810,0,0,250,1190,1440,0.0
8583815059,"5/8/2016",9217,7.19000005722046,2940,3,72,182,1183,1440,29.2
8583815059,"5/9/2016",9877,7.69999980926514,2947,66,4,110,1260,1440,38.9
8792009665,"4/1/2016",4592,2.94000005722046,2260,4,8,176,748,936,6.4
8792009665,"4/10/2016",4605,2.95000004768372,2253,0,0,179,1261,1440,0.0
8792009665,"4/11/2016",178,0.109999999403954,1725,0,0,12,1428,1440,0.0
8792009665,"4/12/2016",2564,1.63999998569489,2044,0,0,116,831,947,0.0
8792009665,"4/13/2016",1320,0.839999973773956,1934,0,0,82,806,888,0.0
8792009665,"4/14/2016",1219,0.779999971389771,1963,0,0,84,853,937,0.0
8792009665,"4/15/2016",2483,1.5900000333786,2009,0,0,126,937,1063,0.0
8792009665,"4/16/2016",244,0.159999996423721,1721,0,0,12,1428,1440,0.0
8792009665,"4/17/2016",0,0.0,1688,0,0,0,1440,1440,
8792009665,"4/18/2016",0,0.0,1688,0,0,0,1440,1440,
8792009665,"4/19/2016",0,0.0,1688,0,0,0,1440,1440,
8792009665,"4/2/2016",8452,5.40999984741211,3004,9,24,328,1079,1440,9.1
8792009665,"4/20/2016",3147,2.00999999046326,2188,0,10,139,744,893,6.7
8792009665,"4/21/2016",144,0.0900000035762787,1720,0,0,9,1431,1440,0.0
8792009665,"4/22/2016",4068,2.59999990463257,2419,1,20,195,817,1033,9.7
8792009665,"4/23/2016",5245,3.35999989509583,2748,8,45,232,795,1080,18.6
8792009665,"4/24/2016",400,0.259999990463257,1799,3,8,19,1410,1440,36.7
8792009665,"4/25/2016",0,0.0,1688,0,0,0,1440,1440,
8792009665,"4/26/2016",1321,0.850000023841858,1928,0,0,80,1360,1440,0.0
8792009665,"4/27/2016",1758,1.12999999523163,2067,0,0,112,900,1012,0.0
8792009665,"4/28/2016",6157,3.94000005722046,2780,0,0,310,714,1024,0.0
8792009665,"4/29/2016",8360,5.34999990463257,3101,6,14,380,634,1034,5.0
8792009665,"4/3/2016",7238,4.63000011444092,2667,2,6,279,636,923,2.8
8792009665,"4/30/2016",7174,4.59000015258789,2896,10,20,301,749,1080,9.1
8792009665,"4/4/2016",3821,2.45000004768372,2229,0,9,161,675,845,5.3
8792009665,"4/5/2016",2332,1.49000000953674,2100,1,10,111,904,1026,9.0
8792009665,"4/6/2016",2121,1.36000001430511,2114,0,0,122,855,977,0.0
8792009665,"4/7/2016",1291,0.829999983310699,1961,0,0,77,888,965,0.0
8792009665,"4/8/2016",1467,0.939999997615814,1953,2,8,71,912,993,12.3
8792009665,"4/9/2016",1022,0.649999976158142,1890,0,0,63,739,802,0.0
8792009665,"5/1/2016",1619,1.03999996185303,1962,0,0,79,834,913,0.0
8792009665,"5/2/2016",1831,1.16999995708466,2015,0,0,101,916,1017,0.0
8792009665,"5/3/2016",2421,1.54999995231628,2297,0,0,156,739,895,0.0
8792009665,"5/4/2016",2283,1.46000003814697,2067,0,0,129,848,977,0.0
8792009665,"5/5/2016",0,0.0,1688,0,0,0,1440,1440,
8792009665,"5/6/2016",0,0.0,1688,0,0,0,1440,1440,
8792009665,"5/7/2016",0,0.0,1688,0,0,0,1440,1440,
8792009665,"5/8/2016",0,0.0,1688,0,0,0,1440,1440,
8792009665,"5/9/2016",0,0.0,1688,0,0,0,1440,1440,
8877689391,"4/1/2016",18700,15.8199996948242,3527,67,3,247,1123,1440,22.1
8877689391,"4/10/2016",28497,27.5300006866455,4526,128,46,211,1055,1440,45.2
8877689391,"4/11/2016",10622,8.0600004196167,2820,18,7,225,1190,1440,10.0
8877689391,"4/12/2016",23186,20.3999996185303,3921,85,7,312,1036,1440,22.8
8877689391,"4/13/2016",15337,9.57999992370605,3566,108,18,216,1098,1440,36.8
8877689391,"4/14/2016",21129,18.9799995422363,3793,68,13,298,1061,1440,21.4
8877689391,"4/15/2016",13422,7.17000007629395,3934,106,1,281,1052,1440,27.6
8877689391,"4/16/2016",29326,25.2900009155273,4547,94,29,429,888,1440,22.3
8877689391,"4/17/2016",15118,8.86999988555908,3545,58,15,307,1060,1440,19.2
8877689391,"4/18/2016",11423,8.67000007629395,2761,29,5,191,1215,1440,15.1
8877689391,"4/19/2016",18785,17.3999996185303,3676,82,13,214,1131,1440,30.7
8877689391,"4/2/2016",27572,23.3899993896484,4220,116,24,260,1040,1440,35.0
8877689391,"4/20/2016",19948,18.1100006103516,3679,73,19,225,1123,1440,29.0
8877689391,"4/21/2016",19377,17.6200008392334,3659,82,13,226,1119,1440,29.6
8877689391,"4/22/2016",18258,16.3099994659424,3427,61,2,236,1141,1440,21.1
8877689391,"4/23/2016",11200,7.42999982833862,3891,102,6,300,1032,1440,26.5
8877689391,"4/24/2016",16674,15.7399997711182,3455,64,1,227,1148,1440,22.3
8877689391,"4/25/2016",12986,8.73999977111816,3802,113,8,218,1101,1440,35.7
8877689391,"4/26/2016",11101,8.43000030517578,2860,22,3,258,1157,1440,8.8
8877689391,"4/27/2016",23629,20.6499996185303,3808,93,8,235,1104,1440,30.1
8877689391,"4/28/2016",14890,11.3000001907349,3060,58,8,231,1143,1440,22.2
8877689391,"4/29/2016",9733,7.3899998664856,2698,18,5,210,1207,1440,9.9
8877689391,"4/3/2016",15260,8.1899995803833,3864,106,17,259,1058,1440,32.2
8877689391,"4/30/2016",27745,26.7199993133545,4398,124,4,223,1089,1440,36.5
8877689391,"4/4/2016",20779,18.4099998474121,3662,78,16,208,1138,1440,31.1
8877689391,"4/5/2016",10695,8.11999988555908,2834,10,3,246,1181,1440,5.0
8877689391,"4/6/2016",24136,20.9099998474121,4039,87,16,318,1019,1440,24.5
8877689391,"4/7/2016",10910,8.42000007629395,2947,32,11,212,1185,1440,16.9
8877689391,"4/8/2016",23014,20.3899993896484,4196,70,29,359,982,1440,21.6
8877689391,"4/9/2016",16470,8.06999969482422,3841,90,9,289,1052,1440,25.5
8877689391,"5/1/2016",10930,8.31999969482422,2786,36,12,166,1226,1440,22.4
8877689391,"5/10/2016",10733,8.14999961853027,2832,18,11,224,1187,1440,11.5
8877689391,"5/11/2016",21420,19.5599994659424,3832,88,12,213,1127,1440,31.9
8877689391,"5/12/2016",8064,6.11999988555908,1849,23,1,137,770,931,14.9
8877689391,"5/2/2016",4790,3.64000010490417,2189,0,0,105,1335,1440,0.0
8877689391,"5/3/2016",10818,8.21000003814697,2817,19,3,229,1189,1440,8.8
8877689391,"5/4/2016",18193,16.2999992370605,3477,66,8,212,1154,1440,25.9
8877689391,"5/5/2016",14055,10.6700000762939,3052,67,15,188,1170,1440,30.4
8877689391,"5/6/2016",21727,19.3400001525879,4015,96,17,232,1095,1440,32.8
8877689391,"5/7/2016",12332,8.13000011444092,4142,105,28,271,1036,1440,32.9
8877689391,"5/8/2016",10686,8.10999965667725,2847,17,4,245,1174,1440,7.9
8877689391,"5/9/2016",20226,18.25,3710,73,19,217,1131,1440,29.8
